attendance_pct,days_until_exam,syllabus_completion,past_performance,attendance_normalized,exam_urgency,syllabus_normalized,performance_normalized,attendance_syllabus_interaction,exam_preparation_score,outcome,probability_safe
87.45,13.2,61.6,72.19,0.8745,0.0706,0.616,0.7219,0.5387,0.2704,0,0.6779
95.16,1.0,59.86,43.65,0.9516,0.5,0.5986,0.4365,0.5696,0.02,0,0.145
64.81,3.5,37.08,72.29,0.6481,0.2245,0.3708,0.7229,0.2403,0.0427,1,0.3059
85.91,9.4,28.54,62.74,0.8591,0.0966,0.2854,0.6274,0.2452,0.089,0,0.05
92.34,3.7,27.76,83.86,0.9234,0.2112,0.2776,0.8386,0.2564,0.0346,1,0.1671
64.86,3.2,59.66,64.43,0.6486,0.2401,0.5966,0.6443,0.387,0.063,1,0.0824
74.22,43.3,32.34,87.37,0.7422,0.0226,0.3234,0.8737,0.24,0.4672,0,0.2431
76.89,1.2,84.67,88.2,0.7689,0.4481,0.8467,0.882,0.6511,0.0348,0,0.05
62.06,10.1,37.54,79.34,0.6206,0.0897,0.3754,0.7934,0.233,0.127,0,0.2038
100.0,5.6,78.08,87.51,1.0,0.152,0.7808,0.8751,0.7808,0.1452,1,0.728
85.36,14.1,53.97,85.98,0.8536,0.0663,0.5397,0.8598,0.4606,0.2534,1,0.8329
100.0,22.6,67.64,70.59,1.0,0.0423,0.6764,0.7059,0.6764,0.5105,1,0.95
83.92,7.1,35.65,73.06,0.8392,0.1227,0.3565,0.7306,0.2991,0.0849,0,0.1904
65.85,35.7,78.61,54.92,0.6585,0.0273,0.7861,0.5492,0.5177,0.9349,1,0.156
100.0,3.3,48.42,88.71,1.0,0.2344,0.4842,0.8871,0.4842,0.0527,1,0.3252
67.97,10.0,90.24,75.92,0.6797,0.0909,0.9024,0.7592,0.6134,0.301,1,0.4009
71.51,8.9,22.43,63.97,0.7151,0.1006,0.2243,0.6397,0.1604,0.0668,0,0.205
74.18,1.2,48.2,81.67,0.7418,0.4536,0.482,0.8167,0.3575,0.0193,0,0.0727
99.61,2.8,47.58,81.26,0.9961,0.2653,0.4758,0.8126,0.4739,0.0439,0,0.1797
89.26,1.0,72.59,85.17,0.8926,0.5,0.7259,0.8517,0.648,0.0242,1,0.2293
69.28,1.8,75.53,63.3,0.6928,0.3632,0.7553,0.633,0.5233,0.0441,0,0.1287
91.55,18.9,89.49,76.75,0.9155,0.0502,0.8949,0.7675,0.8193,0.5644,0,0.861
67.76,5.0,47.04,71.82,0.6776,0.1668,0.4704,0.7182,0.3188,0.0783,1,0.322
65.55,1.0,75.93,83.88,0.6555,0.5,0.7593,0.8388,0.4978,0.0253,0,0.05
57.28,3.8,87.8,64.39,0.5728,0.2078,0.878,0.6439,0.5029,0.1116,0,0.0654
95.86,13.5,80.98,91.58,0.9586,0.069,0.8098,0.9158,0.7763,0.3644,1,0.95
87.71,24.4,48.93,82.82,0.8771,0.0393,0.4893,0.8282,0.4291,0.3987,1,0.5847
57.49,8.6,70.41,70.03,0.5749,0.1038,0.7041,0.7003,0.4048,0.2026,1,0.058
72.92,1.4,86.39,83.16,0.7292,0.4239,0.8639,0.8316,0.63,0.0391,0,0.2889
100.0,12.9,49.62,69.67,1.0,0.0717,0.4962,0.6967,0.4962,0.2142,1,0.4331
87.57,5.3,80.81,67.16,0.8757,0.1598,0.8081,0.6716,0.7076,0.1416,1,0.5445
99.0,31.0,35.43,66.23,0.99,0.0313,0.3543,0.6623,0.3508,0.3659,0,0.672
86.66,6.4,88.53,51.06,0.8666,0.1346,0.8853,0.5106,0.7672,0.1897,0,0.17
73.4,4.7,38.61,75.12,0.734,0.1756,0.3861,0.7512,0.2834,0.0604,0,0.05
80.91,28.2,10.0,83.24,0.8091,0.0343,0.1,0.8324,0.0809,0.0939,1,0.5071
84.21,1.0,60.66,85.2,0.8421,0.5,0.6066,0.852,0.5109,0.0202,0,0.1952
100.0,13.3,29.03,53.55,1.0,0.07,0.2903,0.5355,0.2903,0.1285,0,0.3279
88.21,19.5,38.11,84.76,0.8821,0.0487,0.3811,0.8476,0.3361,0.2483,0,0.7012
93.96,3.9,36.9,71.75,0.9396,0.2059,0.369,0.7175,0.3468,0.0475,0,0.05
81.45,10.0,87.0,60.43,0.8145,0.091,0.87,0.6043,0.7086,0.2898,0,0.3771
90.01,1.0,44.22,71.29,0.9001,0.5,0.4422,0.7129,0.398,0.0147,1,0.1304
86.19,9.6,41.73,68.92,0.8619,0.0941,0.4173,0.6892,0.3597,0.1339,1,0.2059
93.09,1.0,83.44,67.03,0.9309,0.5,0.8344,0.6703,0.7768,0.0278,1,0.336
84.66,5.5,79.29,62.97,0.8466,0.1534,0.7929,0.6297,0.6713,0.1459,1,0.2318
79.28,1.3,63.83,57.65,0.7928,0.4444,0.6383,0.5765,0.506,0.0266,0,0.05
83.36,1.0,58.51,80.98,0.8336,0.5,0.5851,0.8098,0.4878,0.0195,0,0.05
100.0,8.8,37.27,73.11,1.0,0.1023,0.3727,0.7311,0.3727,0.1091,0,0.1645
68.61,36.6,54.24,95.0,0.6861,0.0266,0.5424,0.95,0.3722,0.6627,1,0.4071
94.56,24.2,43.93,74.12,0.9456,0.0397,0.4393,0.7412,0.4154,0.3541,0,0.7718
54.3,35.0,79.64,89.85,0.543,0.0277,0.7964,0.8985,0.4325,0.9301,0,0.4391
79.17,16.8,74.49,71.24,0.7917,0.0563,0.7449,0.7124,0.5897,0.4162,1,0.4401
81.8,2.6,93.43,90.33,0.818,0.2781,0.9343,0.9033,0.7643,0.0809,0,0.7242
100.0,7.3,39.46,62.76,1.0,0.1199,0.3946,0.6276,0.3946,0.0966,1,0.1231
89.68,12.2,60.27,53.9,0.8968,0.0759,0.6027,0.539,0.5405,0.2446,1,0.5886
77.94,7.2,25.33,74.82,0.7794,0.1217,0.2533,0.7482,0.1975,0.0609,0,0.1296
85.76,6.8,86.72,83.04,0.8576,0.1285,0.8672,0.8304,0.7437,0.1961,1,0.3899
87.32,22.7,87.49,65.21,0.8732,0.0422,0.8749,0.6521,0.7639,0.6623,1,0.8941
78.39,2.3,11.94,75.42,0.7839,0.302,0.1194,0.7542,0.0936,0.0092,1,0.1015
98.07,20.7,83.07,68.43,0.9807,0.0461,0.8307,0.6843,0.8146,0.5726,1,0.8272
57.27,6.2,68.4,78.74,0.5727,0.1387,0.684,0.7874,0.3917,0.1416,0,0.05
81.19,7.6,65.34,62.26,0.8119,0.1162,0.6534,0.6226,0.5306,0.1657,0,0.1346
100.0,15.6,71.12,64.66,1.0,0.0604,0.7112,0.6466,0.7112,0.369,1,0.9059
100.0,3.3,94.45,75.33,1.0,0.2305,0.9445,0.7533,0.9445,0.1051,1,0.7627
70.24,2.1,47.72,65.03,0.7024,0.3263,0.4772,0.6503,0.3352,0.0328,0,0.089
78.73,17.0,56.82,95.0,0.7873,0.0556,0.5682,0.95,0.4473,0.3217,1,0.812
70.06,3.9,94.59,75.58,0.7006,0.2036,0.9459,0.7558,0.6627,0.1233,0,0.05
91.97,1.7,98.28,67.78,0.9197,0.3736,0.9828,0.6778,0.9038,0.0549,0,0.576
87.95,6.4,69.3,72.56,0.8795,0.1355,0.693,0.7256,0.6095,0.1473,1,0.367
81.34,1.0,38.25,67.87,0.8134,0.5,0.3825,0.6787,0.3111,0.0128,0,0.1088
85.92,10.9,33.12,71.09,0.8592,0.0837,0.3312,0.7109,0.2845,0.1208,1,0.425
99.52,6.2,87.89,72.13,0.9952,0.1387,0.8789,0.7213,0.8746,0.182,1,0.6823
83.53,1.2,93.87,88.73,0.8353,0.4458,0.9387,0.8873,0.7842,0.0389,1,0.5509
98.71,22.4,40.15,93.12,0.9871,0.0427,0.4015,0.9312,0.3963,0.3002,1,0.95
95.56,1.2,54.83,63.25,0.9556,0.4603,0.5483,0.6325,0.524,0.0214,0,0.05
71.71,12.7,61.33,62.3,0.7171,0.0728,0.6133,0.623,0.4398,0.2603,0,0.05
53.32,6.2,74.8,61.49,0.5332,0.1389,0.748,0.6149,0.3988,0.1546,0,0.05
80.7,26.9,72.91,78.0,0.807,0.0358,0.7291,0.78,0.5884,0.6538,1,0.686
100.0,27.2,73.6,73.49,1.0,0.0354,0.736,0.7349,0.736,0.6682,1,0.95
87.86,1.0,84.34,85.23,0.8786,0.5,0.8434,0.8523,0.741,0.0281,0,0.05
60.65,13.4,35.12,56.96,0.6065,0.0696,0.3512,0.5696,0.213,0.1566,0,0.05
60.21,24.6,97.4,62.79,0.6021,0.039,0.974,0.6279,0.5865,0.7997,0,0.3517
75.97,1.0,86.19,77.38,0.7597,0.5,0.8619,0.7738,0.6547,0.0287,0,0.05
100.0,1.0,15.15,43.09,1.0,0.5,0.1515,0.4309,0.1515,0.005,1,0.1746
48.9,2.0,45.64,86.23,0.489,0.3324,0.4564,0.8623,0.2232,0.0306,1,0.1772
69.43,11.1,41.14,73.44,0.6943,0.0823,0.4114,0.7344,0.2856,0.1528,0,0.05
90.69,2.8,61.7,62.03,0.9069,0.2641,0.617,0.6203,0.5596,0.0573,0,0.2116
54.95,22.3,94.94,65.2,0.5495,0.0429,0.9494,0.652,0.5217,0.7063,0,0.2943
89.09,5.3,10.0,68.46,0.8909,0.1596,0.1,0.6846,0.0891,0.0176,0,0.1899
94.58,16.1,23.2,83.07,0.9458,0.0585,0.232,0.8307,0.2194,0.1244,0,0.8671
77.24,7.5,67.49,77.35,0.7724,0.1182,0.6749,0.7735,0.5213,0.1678,0,0.1522
100.0,17.7,41.34,93.85,1.0,0.0535,0.4134,0.9385,0.4134,0.244,1,0.7659
60.81,1.0,81.66,67.66,0.6081,0.5,0.8166,0.6766,0.4966,0.0272,0,0.05
100.0,3.5,46.9,82.29,1.0,0.221,0.469,0.8229,0.469,0.0551,0,0.05
100.0,4.1,57.78,95.0,1.0,0.1973,0.5778,0.95,0.5778,0.0784,0,0.2942
73.99,16.1,19.96,59.17,0.7399,0.0586,0.1996,0.5917,0.1477,0.1069,0,0.05
85.7,16.4,52.72,80.51,0.857,0.0574,0.5272,0.8051,0.4518,0.2887,0,0.7473
79.13,28.8,69.22,80.36,0.7913,0.0335,0.6922,0.8036,0.5477,0.6653,0,0.5287
79.41,19.8,52.0,68.81,0.7941,0.0481,0.52,0.6881,0.4129,0.3433,1,0.3595
87.52,1.0,17.06,79.95,0.8752,0.5,0.1706,0.7995,0.1493,0.0057,0,0.05
95.48,21.7,23.69,87.79,0.9548,0.044,0.2369,0.8779,0.2261,0.1714,1,0.95
69.75,6.5,67.23,54.82,0.6975,0.1327,0.6723,0.5482,0.4689,0.1465,0,0.05
73.7,4.4,77.6,65.79,0.737,0.1859,0.776,0.6579,0.5719,0.1133,0,0.05
61.89,2.5,75.17,95.0,0.6189,0.2888,0.7517,0.95,0.4652,0.0617,0,0.05
82.5,9.4,79.79,68.63,0.825,0.0965,0.7979,0.6863,0.6582,0.2489,1,0.5055
70.66,1.0,80.24,79.12,0.7066,0.5,0.8024,0.7912,0.567,0.0267,0,0.05
83.04,9.0,37.66,70.35,0.8304,0.1001,0.3766,0.7035,0.3127,0.1128,0,0.2043
96.25,1.0,50.71,64.91,0.9625,0.5,0.5071,0.6491,0.4881,0.0169,0,0.05
72.24,19.1,74.31,83.18,0.7224,0.0499,0.7431,0.8318,0.5368,0.4719,1,0.5347
83.6,10.7,55.74,83.58,0.836,0.0852,0.5574,0.8358,0.466,0.1996,1,0.8067
97.54,14.0,52.29,79.42,0.9754,0.0668,0.5229,0.7942,0.51,0.2435,0,0.8107
76.61,3.4,58.34,76.08,0.7661,0.2281,0.5834,0.7608,0.4469,0.0658,0,0.1145
100.0,1.1,34.39,82.29,1.0,0.4692,0.3439,0.8229,0.3439,0.013,0,0.0687
82.63,1.0,73.38,77.1,0.8263,0.5,0.7338,0.771,0.6063,0.0245,1,0.2195
57.15,20.5,39.14,93.79,0.5715,0.0465,0.3914,0.9379,0.2237,0.2678,0,0.1434
54.49,58.5,81.09,72.87,0.5449,0.0168,0.8109,0.7287,0.4418,1.5817,1,0.1979
90.63,11.4,17.33,82.8,0.9063,0.0806,0.1733,0.828,0.157,0.0659,1,0.6401
61.59,3.2,76.49,75.89,0.6159,0.2378,0.7649,0.7589,0.4711,0.0817,0,0.05
78.77,34.5,69.33,80.48,0.7877,0.0282,0.6933,0.8048,0.5461,0.7968,0,0.596
89.11,1.4,68.39,79.5,0.8911,0.4155,0.6839,0.795,0.6094,0.0321,0,0.05
79.4,1.0,15.2,67.17,0.794,0.5,0.152,0.6717,0.1207,0.0051,0,0.05
79.62,5.0,91.18,79.47,0.7962,0.1671,0.9118,0.7947,0.726,0.1515,1,0.4979
65.5,2.8,58.0,61.1,0.655,0.2652,0.58,0.611,0.3799,0.0536,1,0.1025
100.0,4.0,38.99,72.85,1.0,0.2019,0.3899,0.7285,0.3899,0.0514,0,0.05
100.0,16.1,43.52,86.1,1.0,0.0584,0.4352,0.861,0.4352,0.2339,1,0.95
85.37,12.5,26.92,76.37,0.8537,0.074,0.2692,0.7637,0.2298,0.1123,0,0.595
100.0,7.5,60.88,69.19,1.0,0.118,0.6088,0.6919,0.6088,0.1517,0,0.3968
72.06,10.8,89.59,61.47,0.7206,0.0851,0.8959,0.6147,0.6456,0.321,0,0.2064
76.14,20.3,29.95,93.89,0.7614,0.047,0.2995,0.9389,0.228,0.2024,0,0.2938
100.0,6.7,33.13,81.39,1.0,0.1304,0.3313,0.8139,0.3313,0.0736,0,0.2246
70.62,12.6,76.98,66.94,0.7062,0.0736,0.7698,0.6694,0.5436,0.3228,0,0.3324
75.63,2.8,35.02,61.13,0.7563,0.2604,0.3502,0.6113,0.2649,0.0332,0,0.0819
60.58,14.8,76.62,80.72,0.6058,0.0631,0.7662,0.8072,0.4642,0.3792,0,0.1405
83.81,5.6,92.45,85.16,0.8381,0.1507,0.9245,0.8516,0.7749,0.1737,1,0.95
85.73,8.8,71.56,72.64,0.8573,0.102,0.7156,0.7264,0.6134,0.21,0,0.4548
69.69,1.0,80.34,67.93,0.6969,0.5,0.8034,0.6793,0.5599,0.0268,0,0.0509
93.74,6.1,29.35,73.32,0.9374,0.1415,0.2935,0.7332,0.2751,0.0593,0,0.2062
89.66,35.0,77.49,81.57,0.8966,0.0277,0.7749,0.8157,0.6948,0.905,1,0.8583
82.26,6.9,60.97,87.61,0.8226,0.127,0.6097,0.8761,0.5015,0.1397,0,0.5198
86.74,2.4,13.5,87.06,0.8674,0.2916,0.135,0.8706,0.1171,0.0109,0,0.0748
100.0,21.1,43.8,60.27,1.0,0.0453,0.438,0.6027,0.438,0.3078,1,0.7221
89.53,17.0,83.12,59.66,0.8953,0.0555,0.8312,0.5966,0.7442,0.4718,0,0.6356
65.13,2.7,10.0,87.12,0.6513,0.2694,0.1,0.8712,0.0651,0.009,0,0.05
69.76,7.3,50.02,92.34,0.6976,0.1202,0.5002,0.9234,0.3489,0.1221,0,0.05
100.0,16.8,53.32,78.37,1.0,0.0563,0.5332,0.7837,0.5332,0.298,1,0.9311
88.3,6.7,66.35,52.05,0.883,0.1307,0.6635,0.5205,0.5859,0.1471,0,0.2397
65.16,5.3,63.15,63.38,0.6516,0.1578,0.6315,0.6338,0.4115,0.1123,1,0.2347
83.33,8.4,79.43,80.66,0.8333,0.1066,0.7943,0.8066,0.662,0.2218,0,0.5139
80.73,2.6,88.99,95.0,0.8073,0.2786,0.8899,0.95,0.7184,0.0768,1,0.3725
91.27,15.2,81.63,77.87,0.9127,0.0619,0.8163,0.7787,0.7451,0.4127,1,0.8718
62.19,13.4,68.23,73.44,0.6219,0.0697,0.6823,0.7344,0.4243,0.3036,0,0.3225
100.0,2.6,72.21,65.73,1.0,0.2748,0.7221,0.6573,0.7221,0.0635,0,0.5678
71.7,47.4,38.85,68.02,0.717,0.0207,0.3885,0.6802,0.2785,0.6138,0,0.05
71.2,7.3,69.82,83.42,0.712,0.1202,0.6982,0.8342,0.4971,0.1704,0,0.0831
92.5,3.9,11.76,80.03,0.925,0.2032,0.1176,0.8003,0.1088,0.0154,0,0.1596
69.79,1.9,25.69,94.0,0.6979,0.3416,0.2569,0.94,0.1793,0.0165,0,0.05
96.37,26.2,75.08,89.56,0.9637,0.0368,0.7508,0.8956,0.7236,0.6557,1,0.95
68.76,14.1,52.32,81.99,0.6876,0.0663,0.5232,0.8199,0.3598,0.2455,1,0.1714
60.03,27.6,11.83,79.66,0.6003,0.0349,0.1183,0.7966,0.071,0.109,0,0.2993
83.77,19.1,68.82,89.0,0.8377,0.0498,0.6882,0.89,0.5765,0.4374,1,0.8267
84.83,3.6,73.39,75.34,0.8483,0.2158,0.7339,0.7534,0.6226,0.0889,0,0.2991
76.62,19.8,23.31,71.4,0.7662,0.0481,0.2331,0.714,0.1786,0.1539,0,0.301
60.32,1.6,50.53,75.68,0.6032,0.3872,0.5053,0.7568,0.3048,0.0267,0,0.103
52.96,7.1,39.11,65.48,0.5296,0.1241,0.3911,0.6548,0.2071,0.092,1,0.2031
98.28,1.0,51.3,70.95,0.9828,0.5,0.513,0.7095,0.5042,0.0171,0,0.05
73.84,3.6,77.35,56.59,0.7384,0.2167,0.7735,0.5659,0.5712,0.0932,0,0.1412
41.69,1.4,93.39,72.3,0.4169,0.4165,0.9339,0.723,0.3894,0.0436,0,0.1708
75.25,14.7,62.23,85.36,0.7525,0.0638,0.6223,0.8536,0.4683,0.3042,1,0.5704
57.82,1.0,62.47,81.95,0.5782,0.5,0.6247,0.8195,0.3612,0.0208,0,0.05
100.0,1.0,32.94,47.37,1.0,0.492,0.3294,0.4737,0.3294,0.0113,0,0.05
100.0,22.3,70.76,87.48,1.0,0.043,0.7076,0.8748,0.7076,0.5251,0,0.7901
73.9,1.0,38.62,78.32,0.739,0.5,0.3862,0.7832,0.2854,0.0129,0,0.1299
80.48,1.6,14.9,76.64,0.8048,0.3806,0.149,0.7664,0.12,0.0081,1,0.0737
73.18,1.0,20.57,83.16,0.7318,0.5,0.2057,0.8316,0.1505,0.0069,0,0.1658
97.79,3.1,51.58,65.92,0.9779,0.2451,0.5158,0.6592,0.5044,0.053,1,0.1747
72.46,9.5,46.38,92.47,0.7246,0.0948,0.4638,0.9247,0.3361,0.1476,0,0.2299
88.07,1.4,90.53,51.4,0.8807,0.4218,0.9053,0.514,0.7974,0.0414,1,0.2579
82.22,1.3,66.19,78.65,0.8222,0.4357,0.6619,0.7865,0.5442,0.0286,0,0.0766
77.49,14.1,53.61,83.82,0.7749,0.0664,0.5361,0.8382,0.4155,0.2514,0,0.4461
87.54,41.8,58.98,75.37,0.8754,0.0234,0.5898,0.7537,0.5164,0.8214,0,0.7508
84.63,8.9,72.45,53.87,0.8463,0.1008,0.7245,0.5387,0.6132,0.2155,0,0.3329
93.5,1.7,54.35,90.46,0.935,0.3644,0.5435,0.9046,0.5082,0.0316,1,0.2077
100.0,9.6,42.68,67.68,1.0,0.0946,0.4268,0.6768,0.4268,0.1361,1,0.155
63.41,3.6,86.7,92.49,0.6341,0.2152,0.867,0.9249,0.5497,0.1054,0,0.05
98.94,1.0,13.58,93.51,0.9894,0.5,0.1358,0.9351,0.1344,0.0045,0,0.2506
100.0,16.3,73.6,90.75,1.0,0.0576,0.736,0.9075,0.736,0.401,1,0.933
73.2,12.3,33.12,66.4,0.732,0.0752,0.3312,0.664,0.2425,0.1358,0,0.05
87.2,13.3,50.22,70.8,0.872,0.0699,0.5022,0.708,0.4379,0.2227,1,0.6762
74.42,8.5,83.07,61.56,0.7442,0.1054,0.8307,0.6156,0.6182,0.2349,0,0.05
91.57,3.5,77.77,72.69,0.9157,0.2198,0.7777,0.7269,0.7121,0.092,1,0.539
79.59,5.7,89.13,80.63,0.7959,0.1483,0.8913,0.8063,0.7093,0.1706,0,0.3895
71.4,31.4,61.1,64.92,0.714,0.0309,0.611,0.6492,0.4363,0.6391,0,0.05
100.0,1.0,98.63,85.61,1.0,0.5,0.9863,0.8561,0.9863,0.0329,1,0.6747
81.31,27.6,70.88,61.68,0.8131,0.0349,0.7088,0.6168,0.5763,0.6525,1,0.6567
87.0,9.4,75.03,65.28,0.87,0.0964,0.7503,0.6528,0.6527,0.2346,1,0.5518
100.0,19.7,49.52,74.01,1.0,0.0484,0.4952,0.7401,0.4952,0.3247,1,0.7171
86.55,6.2,61.34,95.0,0.8655,0.1388,0.6134,0.95,0.5308,0.1269,1,0.6397
80.86,1.0,33.49,88.94,0.8086,0.5,0.3349,0.8894,0.2708,0.0112,0,0.05
84.85,21.2,60.77,56.24,0.8485,0.0451,0.6077,0.5624,0.5156,0.4288,0,0.4939
68.96,7.7,37.6,90.71,0.6896,0.1145,0.376,0.9071,0.2593,0.097,0,0.05
81.7,3.4,10.0,87.96,0.817,0.2281,0.1,0.8796,0.0817,0.0113,0,0.1765
77.12,1.7,61.81,71.81,0.7712,0.3678,0.6181,0.7181,0.4767,0.0354,0,0.0983
74.98,2.0,74.54,80.08,0.7498,0.3294,0.7454,0.8008,0.5589,0.0506,0,0.05
83.06,16.3,67.48,88.78,0.8306,0.0579,0.6748,0.8878,0.5605,0.3661,1,0.9432
77.19,1.8,52.51,95.0,0.7719,0.361,0.5251,0.95,0.4053,0.031,0,0.05
88.95,17.1,76.81,73.02,0.8895,0.0553,0.7681,0.7302,0.6832,0.4377,1,0.95
99.45,4.1,41.26,81.56,0.9945,0.1967,0.4126,0.8156,0.4104,0.0562,0,0.0935
73.84,6.0,47.83,73.76,0.7384,0.1432,0.4783,0.7376,0.3532,0.0954,0,0.1725
66.44,11.3,74.31,77.41,0.6644,0.0815,0.7431,0.7741,0.4938,0.2793,0,0.3098
87.86,3.3,61.13,87.34,0.8786,0.2339,0.6113,0.8734,0.5371,0.0667,0,0.1683
85.26,15.5,58.81,72.1,0.8526,0.0605,0.5881,0.721,0.5014,0.3045,1,0.7534
82.25,6.2,39.81,72.75,0.8225,0.1395,0.3981,0.7275,0.3274,0.0819,1,0.0557
84.98,3.3,51.49,71.89,0.8498,0.2333,0.5149,0.7189,0.4376,0.0564,0,0.2389
72.1,20.6,78.17,52.38,0.721,0.0463,0.7817,0.5238,0.5636,0.5372,0,0.1204
64.19,13.6,20.06,95.0,0.6419,0.0685,0.2006,0.95,0.1288,0.0909,1,0.2234
70.26,8.7,42.39,78.18,0.7026,0.1026,0.4239,0.7818,0.2978,0.1235,0,0.1142
82.84,7.3,84.85,53.03,0.8284,0.1207,0.8485,0.5303,0.7029,0.2061,0,0.3886
83.45,9.3,47.1,63.41,0.8345,0.0967,0.471,0.6341,0.3931,0.1467,0,0.053
100.0,30.1,54.42,95.0,1.0,0.0322,0.5442,0.95,0.5442,0.5453,1,0.9394
77.23,6.4,96.2,64.27,0.7723,0.1352,0.962,0.6427,0.743,0.2051,0,0.3831
75.36,16.2,40.23,77.56,0.7536,0.0581,0.4023,0.7756,0.3032,0.2176,1,0.2748
81.55,20.7,15.44,67.17,0.8155,0.046,0.1544,0.6717,0.1259,0.1067,0,0.2697
56.24,12.5,12.47,69.2,0.5624,0.074,0.1247,0.692,0.0701,0.052,0,0.0647
82.17,11.6,67.45,48.49,0.8217,0.0793,0.6745,0.4849,0.5543,0.2609,0,0.4789
65.19,1.0,70.03,61.92,0.6519,0.5,0.7003,0.6192,0.4566,0.0233,0,0.1911
83.1,20.7,69.85,66.06,0.831,0.0461,0.6985,0.6606,0.5804,0.4817,1,0.6467
76.88,6.7,45.35,90.19,0.7688,0.1306,0.4535,0.9019,0.3487,0.1006,0,0.0634
87.06,5.6,87.89,61.86,0.8706,0.1511,0.8789,0.6186,0.7652,0.1646,0,0.4392
76.25,19.5,39.67,90.65,0.7625,0.0488,0.3967,0.9065,0.3025,0.2577,0,0.2838
65.2,1.8,91.59,69.84,0.652,0.3539,0.9159,0.6984,0.5972,0.0557,0,0.181
100.0,1.0,37.84,60.19,1.0,0.5,0.3784,0.6019,0.3784,0.0126,0,0.05
100.0,1.5,49.26,69.29,1.0,0.3977,0.4926,0.6929,0.4926,0.0249,1,0.05
78.36,4.9,25.85,83.36,0.7836,0.1692,0.2585,0.8336,0.2025,0.0423,0,0.05
56.91,4.2,22.08,60.84,0.5691,0.1938,0.2208,0.6084,0.1257,0.0306,0,0.1138
87.51,3.6,57.75,51.25,0.8751,0.2174,0.5775,0.5125,0.5054,0.0693,0,0.1248
77.42,9.8,28.63,85.79,0.7742,0.0922,0.2863,0.8579,0.2217,0.0939,0,0.05
87.45,1.0,84.45,80.61,0.8745,0.5,0.8445,0.8061,0.7385,0.0281,0,0.0638
84.2,3.2,83.29,78.06,0.842,0.2366,0.8329,0.7806,0.7013,0.0896,1,0.4046
66.41,14.3,95.39,95.0,0.6641,0.0652,0.9539,0.95,0.6335,0.4562,0,0.7194
74.95,8.5,79.28,73.38,0.7495,0.105,0.7928,0.7338,0.5941,0.2252,0,0.1504
89.84,1.0,40.38,86.37,0.8984,0.5,0.4038,0.8637,0.3628,0.0135,0,0.05
68.79,16.3,56.96,68.57,0.6879,0.0577,0.5696,0.6857,0.3919,0.3098,1,0.2857
90.88,13.5,51.74,84.05,0.9088,0.069,0.5174,0.8405,0.4702,0.2327,1,0.9085
86.74,1.0,41.7,72.71,0.8674,0.5,0.417,0.7271,0.3618,0.0139,0,0.05
51.6,1.0,49.05,86.25,0.516,0.5,0.4905,0.8625,0.2531,0.0163,0,0.05
69.36,2.6,83.41,71.66,0.6936,0.2744,0.8341,0.7166,0.5785,0.0735,0,0.1133
89.53,38.6,13.56,59.29,0.8953,0.0252,0.1356,0.5929,0.1214,0.1746,1,0.5008
95.06,8.8,41.01,85.12,0.9506,0.1019,0.4101,0.8512,0.3898,0.1205,0,0.5059
95.9,1.5,88.02,53.77,0.959,0.3934,0.8802,0.5377,0.8441,0.0452,1,0.0835
65.79,13.8,45.35,64.7,0.6579,0.0675,0.4535,0.647,0.2983,0.2087,1,0.1626
59.81,18.5,35.66,77.32,0.5981,0.0513,0.3566,0.7732,0.2133,0.2199,0,0.05
91.34,1.0,24.49,81.27,0.9134,0.5,0.2449,0.8127,0.2237,0.0082,0,0.05
81.33,3.5,49.6,89.45,0.8133,0.2203,0.496,0.8945,0.4034,0.0585,0,0.1408
78.13,5.7,30.17,89.82,0.7813,0.1499,0.3017,0.8982,0.2357,0.057,0,0.118
89.33,6.4,22.23,62.14,0.8933,0.1353,0.2223,0.6214,0.1986,0.0474,0,0.05
73.73,13.4,93.92,77.31,0.7373,0.0694,0.9392,0.7731,0.6925,0.4201,1,0.4852
71.84,1.2,40.38,68.84,0.7184,0.4582,0.4038,0.6884,0.2901,0.0159,1,0.05
62.99,1.3,56.35,75.18,0.6299,0.4295,0.5635,0.7518,0.355,0.0249,0,0.0522
88.21,3.7,56.58,83.07,0.8821,0.2111,0.5658,0.8307,0.499,0.0705,1,0.2592
94.71,7.3,25.34,58.78,0.9471,0.1205,0.2534,0.5878,0.24,0.0616,0,0.1673
83.66,6.1,41.16,73.76,0.8366,0.1404,0.4116,0.7376,0.3443,0.084,0,0.05
69.57,31.7,46.62,75.62,0.6957,0.0306,0.4662,0.7562,0.3243,0.4918,0,0.05
70.75,1.5,67.65,80.98,0.7075,0.3972,0.6765,0.8098,0.4787,0.0342,0,0.164
62.45,4.2,76.94,52.97,0.6245,0.1911,0.7694,0.5297,0.4805,0.1086,0,0.05
82.28,1.0,84.35,77.22,0.8228,0.5,0.8435,0.7722,0.694,0.0281,0,0.05
83.37,16.4,98.71,72.59,0.8337,0.0573,0.9871,0.7259,0.8229,0.5412,1,0.7768
73.56,32.3,94.37,80.55,0.7356,0.03,0.9437,0.8055,0.6942,1.0176,0,0.4283
82.36,39.7,79.37,75.32,0.8236,0.0246,0.7937,0.7532,0.6536,1.051,0,0.8572
70.38,6.5,52.77,59.48,0.7038,0.1337,0.5277,0.5948,0.3714,0.114,0,0.0732
61.95,6.9,73.1,66.65,0.6195,0.1264,0.731,0.6665,0.4529,0.1684,0,0.05
72.95,5.6,28.03,72.04,0.7295,0.1516,0.2803,0.7204,0.2045,0.0523,0,0.05
56.5,50.0,26.62,82.05,0.565,0.0196,0.2662,0.8205,0.1504,0.4437,0,0.05
91.86,4.4,20.13,75.17,0.9186,0.1838,0.2013,0.7517,0.1849,0.0298,0,0.0546
83.21,3.3,89.48,95.0,0.8321,0.2315,0.8948,0.95,0.7446,0.099,1,0.5617
81.57,4.4,36.72,57.59,0.8157,0.1867,0.3672,0.5759,0.2995,0.0533,0,0.05
71.74,19.3,35.96,83.52,0.7174,0.0492,0.3596,0.8352,0.258,0.2315,0,0.0937
86.06,11.8,47.55,53.66,0.8606,0.0779,0.4755,0.5366,0.4093,0.1875,0,0.332
90.35,1.0,70.41,89.61,0.9035,0.5,0.7041,0.8961,0.6362,0.0235,0,0.4321
54.11,3.9,56.07,80.54,0.5411,0.2026,0.5607,0.8054,0.3034,0.0735,0,0.196
54.2,1.0,76.27,81.82,0.542,0.5,0.7627,0.8182,0.4134,0.0254,1,0.0605
89.76,3.5,32.33,78.0,0.8976,0.2214,0.3233,0.78,0.2902,0.0379,0,0.05
82.36,17.6,57.25,88.05,0.8236,0.0538,0.5725,0.8805,0.4715,0.3354,1,0.8924
92.58,2.2,36.69,84.35,0.9258,0.3152,0.3669,0.8435,0.3397,0.0266,0,0.2134
81.32,4.8,77.39,74.28,0.8132,0.1728,0.7739,0.7428,0.6293,0.1235,1,0.2955
93.36,7.9,68.26,67.08,0.9336,0.1123,0.6826,0.6708,0.6372,0.1799,0,0.4762
84.04,8.0,43.42,61.59,0.8404,0.1106,0.4342,0.6159,0.3649,0.1165,0,0.05
95.9,2.9,46.18,78.14,0.959,0.2575,0.4618,0.7814,0.4429,0.0444,0,0.157
70.4,3.7,95.63,66.78,0.704,0.2144,0.9563,0.6678,0.6733,0.1168,0,0.05
71.96,11.6,22.45,68.42,0.7196,0.0796,0.2245,0.6842,0.1616,0.0866,0,0.1887
97.2,2.2,86.38,68.92,0.972,0.3107,0.8638,0.6892,0.8396,0.0639,0,0.2332
80.49,2.0,48.1,63.91,0.8049,0.3359,0.481,0.6391,0.3872,0.0317,0,0.05
100.0,5.1,57.96,86.38,1.0,0.1648,0.5796,0.8638,0.5796,0.0979,0,0.5214
69.17,1.0,73.98,71.74,0.6917,0.5,0.7398,0.7174,0.5117,0.0247,0,0.1999
98.72,1.0,58.51,82.87,0.9872,0.5,0.5851,0.8287,0.5776,0.0195,0,0.05
88.27,2.3,44.26,89.04,0.8827,0.3063,0.4426,0.8904,0.3907,0.0334,0,0.1044
76.16,6.0,46.06,64.63,0.7616,0.1432,0.4606,0.6463,0.3508,0.0919,0,0.05
78.03,3.0,41.13,91.58,0.7803,0.2504,0.4113,0.9158,0.3209,0.041,1,0.1308
65.4,2.2,53.45,66.62,0.654,0.3103,0.5345,0.6662,0.3496,0.0396,0,0.05
78.99,13.2,58.31,77.87,0.7899,0.0704,0.5831,0.7787,0.4606,0.2565,0,0.5908
86.79,27.0,23.59,76.85,0.8679,0.0357,0.2359,0.7685,0.2047,0.2122,1,0.8712
90.25,8.8,73.56,58.43,0.9025,0.1022,0.7356,0.5843,0.6639,0.2153,1,0.5607
89.62,9.9,88.8,81.46,0.8962,0.0913,0.888,0.8146,0.7958,0.2945,1,0.5184
71.76,5.9,71.8,51.96,0.7176,0.1456,0.718,0.5196,0.5152,0.1405,1,0.1293
79.75,14.5,93.13,81.51,0.7975,0.0647,0.9313,0.8151,0.7427,0.4488,0,0.6961
88.56,1.2,90.46,65.1,0.8856,0.4608,0.9046,0.651,0.8011,0.0353,0,0.1355
87.99,17.6,26.46,61.25,0.8799,0.0537,0.2646,0.6125,0.2328,0.1555,0,0.3637
76.55,8.1,32.95,71.24,0.7655,0.1104,0.3295,0.7124,0.2523,0.0885,0,0.0675
82.47,5.8,27.61,62.56,0.8247,0.1474,0.2761,0.6256,0.2277,0.0532,1,0.1244
94.64,7.2,85.02,59.9,0.9464,0.1214,0.8502,0.599,0.8047,0.205,0,0.4606
57.09,2.8,70.01,76.35,0.5709,0.2621,0.7001,0.7635,0.3997,0.0657,0,0.0945
56.21,7.8,33.17,81.42,0.5621,0.1138,0.3317,0.8142,0.1864,0.0861,0,0.1515
76.38,7.6,82.4,80.2,0.7638,0.1162,0.824,0.802,0.6294,0.2088,1,0.2694
92.88,2.3,61.31,74.4,0.9288,0.3044,0.6131,0.744,0.5694,0.0467,0,0.2954
68.53,9.9,20.88,89.93,0.6853,0.0917,0.2088,0.8993,0.1431,0.0689,0,0.0632
79.2,4.1,93.98,72.56,0.792,0.1977,0.9398,0.7256,0.7444,0.1272,1,0.391
95.35,4.9,34.76,77.3,0.9535,0.1693,0.3476,0.773,0.3315,0.0569,1,0.094
98.0,5.7,92.73,82.44,0.98,0.1496,0.9273,0.8244,0.9087,0.1756,1,0.8246
57.94,4.6,85.26,72.49,0.5794,0.1781,0.8526,0.7249,0.494,0.1311,1,0.261
88.98,8.0,60.78,92.47,0.8898,0.1117,0.6078,0.9247,0.5409,0.1611,1,0.5751
89.36,1.5,48.33,76.81,0.8936,0.3981,0.4833,0.7681,0.4319,0.0244,0,0.05
82.96,9.1,60.28,86.3,0.8296,0.0991,0.6028,0.863,0.5001,0.1827,0,0.4908
61.74,3.2,71.95,85.21,0.6174,0.2404,0.7195,0.8521,0.4442,0.0758,0,0.05
66.38,17.3,88.39,85.25,0.6638,0.0548,0.8839,0.8525,0.5868,0.5083,0,0.4598
79.21,3.9,56.73,56.69,0.7921,0.2031,0.5673,0.5669,0.4493,0.0742,0,0.1118
88.28,14.3,63.97,68.53,0.8828,0.0653,0.6397,0.6853,0.5647,0.3051,1,0.604
79.0,1.0,41.67,60.18,0.79,0.5,0.4167,0.6018,0.3292,0.0139,0,0.1665
75.06,23.1,64.12,78.79,0.7506,0.0415,0.6412,0.7879,0.4813,0.4942,1,0.4793
81.88,60.0,88.16,73.83,0.8188,0.0164,0.8816,0.7383,0.7219,1.7633,1,0.6996
79.41,15.3,35.13,59.25,0.7941,0.0613,0.3513,0.5925,0.2789,0.1793,1,0.2835
89.45,18.1,40.99,94.61,0.8945,0.0522,0.4099,0.9461,0.3667,0.248,0,0.95
74.73,12.3,71.98,58.21,0.7473,0.0752,0.7198,0.5821,0.5379,0.2949,0,0.1294
88.41,2.4,65.66,74.21,0.8841,0.296,0.6566,0.7421,0.5804,0.052,0,0.0847
64.12,28.4,47.7,75.04,0.6412,0.034,0.477,0.7504,0.3058,0.4519,0,0.05
93.01,10.1,25.17,86.43,0.9301,0.0901,0.2517,0.8643,0.2341,0.0848,1,0.7974
100.0,18.2,71.39,81.7,1.0,0.0521,0.7139,0.817,0.7139,0.4334,1,0.8397
75.31,3.2,45.9,65.31,0.7531,0.2356,0.459,0.6531,0.3456,0.0496,0,0.05
63.04,19.9,56.74,65.35,0.6304,0.0479,0.5674,0.6535,0.3577,0.376,0,0.2289
81.12,18.8,66.77,79.12,0.8112,0.0505,0.6677,0.7912,0.5417,0.4184,0,0.7308
76.91,1.0,47.07,56.42,0.7691,0.5,0.4707,0.5642,0.362,0.0157,0,0.05
73.06,3.9,56.18,91.43,0.7306,0.2021,0.5618,0.9143,0.4104,0.0739,0,0.05
88.93,1.6,47.99,64.82,0.8893,0.3862,0.4799,0.6482,0.4268,0.0254,1,0.1852
84.23,8.7,32.43,64.84,0.8423,0.1032,0.3243,0.6484,0.2731,0.0939,0,0.05
93.73,1.0,19.92,71.15,0.9373,0.5,0.1992,0.7115,0.1867,0.0066,0,0.1629
90.23,3.8,74.2,60.79,0.9023,0.2098,0.742,0.6079,0.6695,0.0932,0,0.2001
79.21,6.6,66.33,70.6,0.7921,0.1316,0.6633,0.706,0.5255,0.146,0,0.1474
50.54,1.3,88.32,60.2,0.5054,0.4261,0.8832,0.602,0.4463,0.0396,0,0.1161
100.0,1.5,47.05,64.95,1.0,0.3964,0.4705,0.6495,0.4705,0.0239,0,0.0942
73.54,26.2,50.56,68.61,0.7354,0.0368,0.5056,0.6861,0.3718,0.4414,1,0.3195
97.7,15.9,85.2,83.18,0.977,0.0592,0.852,0.8318,0.8324,0.4514,1,0.9139
88.08,1.0,56.19,73.3,0.8808,0.5,0.5619,0.733,0.495,0.0187,0,0.05
79.53,25.4,64.03,66.99,0.7953,0.038,0.6403,0.6699,0.5093,0.5411,1,0.493
93.35,14.3,84.94,89.06,0.9335,0.0654,0.8494,0.8906,0.7929,0.4048,1,0.9135
82.12,9.5,16.05,49.99,0.8212,0.0948,0.1605,0.4999,0.1318,0.0511,0,0.2225
56.7,1.0,47.28,64.28,0.567,0.5,0.4728,0.6428,0.2681,0.0158,0,0.05
63.05,5.0,40.03,83.23,0.6305,0.1673,0.4003,0.8323,0.2524,0.0664,0,0.2349
70.4,1.0,28.14,76.65,0.704,0.5,0.2814,0.7665,0.1981,0.0094,0,0.05
79.04,11.0,51.82,85.43,0.7904,0.0832,0.5182,0.8543,0.4096,0.1904,0,0.6044
84.97,3.2,48.58,87.46,0.8497,0.2353,0.4858,0.8746,0.4128,0.0526,0,0.05
76.56,3.0,81.91,82.69,0.7656,0.2484,0.8191,0.8269,0.627,0.0826,1,0.1309
63.57,34.4,93.78,75.12,0.6357,0.0282,0.9378,0.7512,0.5961,1.0767,0,0.6206
91.66,8.6,14.43,88.63,0.9166,0.1039,0.1443,0.8863,0.1322,0.0415,1,0.3394
72.47,4.2,43.62,95.0,0.7247,0.1928,0.4362,0.95,0.3161,0.0609,0,0.05
78.97,5.7,70.98,81.52,0.7897,0.1495,0.7098,0.8152,0.5605,0.1346,0,0.37
100.0,22.9,62.78,81.08,1.0,0.0419,0.6278,0.8108,0.6278,0.4785,1,0.837
100.0,39.4,69.77,63.58,1.0,0.0247,0.6977,0.6358,0.6977,0.9166,1,0.8577
53.84,27.9,69.82,80.41,0.5384,0.0347,0.6982,0.8041,0.3759,0.6483,0,0.2086
100.0,9.5,93.46,73.88,1.0,0.0951,0.9346,0.7388,0.9346,0.2965,1,0.8826
97.3,4.0,49.73,64.78,0.973,0.2009,0.4973,0.6478,0.4839,0.0659,0,0.05
88.28,16.5,29.03,77.29,0.8828,0.0571,0.2903,0.7729,0.2562,0.1599,1,0.7449
79.6,5.2,44.63,75.64,0.796,0.1603,0.4463,0.7564,0.3553,0.0779,0,0.05
82.56,1.2,65.78,83.58,0.8256,0.447,0.6578,0.8358,0.5431,0.0271,0,0.05
86.05,9.5,75.69,71.53,0.8605,0.0956,0.7569,0.7153,0.6513,0.2388,0,0.6235
67.15,1.0,40.91,73.88,0.6715,0.5,0.4091,0.7388,0.2747,0.0136,0,0.05
82.3,2.6,67.84,71.93,0.823,0.2754,0.6784,0.7193,0.5583,0.0595,0,0.1725
90.39,5.2,32.87,84.3,0.9039,0.1623,0.3287,0.843,0.2971,0.0566,1,0.4053
82.28,18.6,64.28,72.44,0.8228,0.051,0.6428,0.7244,0.5289,0.399,1,0.6443
98.28,3.7,10.19,73.87,0.9828,0.2133,0.1019,0.7387,0.1001,0.0125,0,0.142
99.62,16.4,14.49,69.31,0.9962,0.0576,0.1449,0.6931,0.1444,0.0791,1,0.95
96.06,1.3,20.58,61.06,0.9606,0.4381,0.2058,0.6106,0.1977,0.0088,0,0.05
100.0,22.8,70.35,72.3,1.0,0.042,0.7035,0.723,0.7035,0.5352,1,0.95
100.0,2.7,74.39,52.09,1.0,0.273,0.7439,0.5209,0.7439,0.066,1,0.3818
77.26,15.5,57.26,68.95,0.7726,0.0607,0.5726,0.6895,0.4424,0.2955,1,0.5041
86.65,12.4,72.34,73.81,0.8665,0.0749,0.7234,0.7381,0.6268,0.298,0,0.6897
71.14,2.6,81.02,83.13,0.7114,0.2807,0.8102,0.8313,0.5763,0.0692,0,0.05
36.4,4.1,81.68,76.31,0.364,0.1972,0.8168,0.7631,0.2973,0.1108,0,0.1108
90.71,1.6,78.01,93.81,0.9071,0.3822,0.7801,0.9381,0.7076,0.042,1,0.264
60.24,21.7,88.23,65.97,0.6024,0.044,0.8823,0.6597,0.5315,0.6389,0,0.3761
62.81,11.2,29.27,91.82,0.6281,0.0821,0.2927,0.9182,0.1838,0.1091,0,0.05
93.39,20.1,47.96,67.59,0.9339,0.0474,0.4796,0.6759,0.4479,0.3214,1,0.6164
68.23,19.0,63.1,82.96,0.6823,0.05,0.631,0.8296,0.4305,0.3998,0,0.1776
93.51,3.9,36.4,93.28,0.9351,0.2032,0.364,0.9328,0.3404,0.0476,0,0.078
100.0,14.6,88.41,65.3,1.0,0.064,0.8841,0.653,0.8841,0.4313,1,0.95
84.26,18.9,59.44,90.0,0.8426,0.0502,0.5944,0.9,0.5008,0.3751,1,0.7791
88.0,1.0,62.79,92.32,0.88,0.5,0.6279,0.9232,0.5525,0.0209,0,0.05
95.11,33.6,27.2,86.25,0.9511,0.0289,0.272,0.8625,0.2587,0.3048,1,0.8727
80.01,9.2,73.85,63.03,0.8001,0.0982,0.7385,0.6303,0.5908,0.2261,0,0.4037
89.05,15.7,56.38,76.78,0.8905,0.0598,0.5638,0.7678,0.5021,0.2953,1,0.95
62.93,9.0,93.09,65.88,0.6293,0.1,0.9309,0.6588,0.5859,0.2793,0,0.1787
93.22,1.3,86.6,91.27,0.9322,0.4428,0.866,0.9127,0.8073,0.0363,0,0.3525
75.49,31.6,25.79,92.02,0.7549,0.0307,0.2579,0.9202,0.1947,0.2718,0,0.2911
75.05,3.8,28.88,45.15,0.7505,0.2091,0.2888,0.4515,0.2167,0.0364,0,0.05
95.22,5.2,56.57,64.0,0.9522,0.1625,0.5657,0.64,0.5387,0.0972,0,0.3827
96.51,14.0,44.55,75.0,0.9651,0.0667,0.4455,0.75,0.43,0.2079,0,0.554
53.93,19.0,58.64,95.0,0.5393,0.0501,0.5864,0.95,0.3162,0.3708,0,0.2858
82.94,7.9,21.08,80.7,0.8294,0.1129,0.2108,0.807,0.1748,0.0552,1,0.3971
79.71,3.7,67.48,65.37,0.7971,0.2137,0.6748,0.6537,0.5379,0.0827,0,0.1866
59.51,12.1,41.28,72.09,0.5951,0.0763,0.4128,0.7209,0.2457,0.1665,0,0.05
77.67,12.1,92.63,47.93,0.7767,0.0763,0.9263,0.4793,0.7194,0.3739,0,0.4822
72.21,8.8,66.54,73.01,0.7221,0.1022,0.6654,0.7301,0.4805,0.1948,0,0.05
80.33,60.0,22.88,72.44,0.8033,0.0164,0.2288,0.7244,0.1838,0.4576,1,0.546
69.36,10.4,77.42,76.57,0.6936,0.0874,0.7742,0.7657,0.537,0.2696,1,0.5945
71.87,5.1,49.62,64.92,0.7187,0.1631,0.4962,0.6492,0.3566,0.0849,1,0.1176
100.0,20.6,56.95,68.23,1.0,0.0464,0.5695,0.6823,0.5695,0.3901,1,0.95
68.12,5.0,53.22,65.92,0.6812,0.1654,0.5322,0.6592,0.3626,0.0895,0,0.0673
87.58,17.6,43.51,70.15,0.8758,0.0537,0.4351,0.7015,0.3811,0.2557,0,0.5793
93.48,1.3,83.6,95.0,0.9348,0.4296,0.836,0.95,0.7815,0.037,0,0.4032
76.66,16.6,54.51,68.4,0.7666,0.0568,0.5451,0.684,0.4179,0.3014,0,0.4853
76.48,2.4,65.41,89.5,0.7648,0.2909,0.6541,0.895,0.5003,0.0532,0,0.1753
100.0,10.0,41.47,95.0,1.0,0.0911,0.4147,0.95,0.4147,0.138,1,0.5389
96.54,2.0,62.13,81.65,0.9654,0.3285,0.6213,0.8165,0.5998,0.0423,1,0.4195
62.88,5.8,61.06,73.47,0.6288,0.1464,0.6106,0.7347,0.384,0.1187,0,0.05
44.35,18.3,69.95,75.11,0.4435,0.0519,0.6995,0.7511,0.3103,0.4261,0,0.4196
100.0,8.2,88.95,69.55,1.0,0.1092,0.8895,0.6955,0.8895,0.242,1,0.5781
55.44,4.4,54.14,76.57,0.5544,0.184,0.5414,0.7657,0.3001,0.08,1,0.1478
48.42,1.0,51.76,70.66,0.4842,0.5,0.5176,0.7066,0.2506,0.0173,0,0.05
81.66,13.0,91.78,68.21,0.8166,0.0712,0.9178,0.6821,0.7495,0.3991,1,0.9496
71.97,7.9,72.61,89.17,0.7197,0.1121,0.7261,0.8917,0.5226,0.1916,0,0.0873
87.54,17.8,90.96,67.83,0.8754,0.0533,0.9096,0.6783,0.7963,0.5384,1,0.95
100.0,17.9,35.47,80.09,1.0,0.053,0.3547,0.8009,0.3547,0.2113,1,0.629
96.56,56.6,82.29,91.42,0.9656,0.0174,0.8229,0.9142,0.7946,1.5532,1,0.8331
52.52,9.0,37.85,60.13,0.5252,0.0999,0.3785,0.6013,0.1988,0.1136,0,0.05
85.08,1.0,85.95,82.38,0.8508,0.5,0.8595,0.8238,0.7312,0.0286,0,0.2779
90.31,6.7,86.5,56.19,0.9031,0.1299,0.865,0.5619,0.7811,0.1931,1,0.2653
81.79,6.9,88.38,64.31,0.8179,0.1273,0.8838,0.6431,0.7229,0.202,0,0.2938
47.15,7.4,72.28,87.89,0.4715,0.1195,0.7228,0.8789,0.3408,0.1775,0,0.2753
85.88,13.9,44.64,67.45,0.8588,0.0673,0.4464,0.6745,0.3833,0.2062,1,0.3751
100.0,5.6,76.46,59.48,1.0,0.1524,0.7646,0.5948,0.7646,0.1417,0,0.3781
56.55,1.0,57.76,73.71,0.5655,0.5,0.5776,0.7371,0.3267,0.0193,0,0.1499
98.89,26.8,21.02,79.03,0.9889,0.0359,0.2102,0.7903,0.2079,0.1881,1,0.8273
72.89,19.6,79.4,84.11,0.7289,0.0485,0.794,0.8411,0.5788,0.5187,0,0.272
96.23,2.4,56.99,83.31,0.9623,0.2982,0.5699,0.8331,0.5484,0.0447,0,0.4235
78.57,1.4,55.18,94.47,0.7857,0.4165,0.5518,0.9447,0.4336,0.0258,0,0.05
80.7,10.4,26.77,82.16,0.807,0.088,0.2677,0.8216,0.2161,0.0925,0,0.4366
100.0,22.7,83.81,61.12,1.0,0.0421,0.8381,0.6112,0.8381,0.635,1,0.851
79.47,3.8,58.9,79.9,0.7947,0.2078,0.589,0.799,0.4681,0.0748,0,0.1051
84.97,11.5,24.95,75.11,0.8497,0.0802,0.2495,0.7511,0.212,0.0954,0,0.464
69.08,19.8,93.31,73.29,0.6908,0.0482,0.9331,0.7329,0.6446,0.6147,0,0.4839
86.03,13.5,32.41,70.59,0.8603,0.0687,0.3241,0.7059,0.2788,0.1463,0,0.4573
77.75,18.9,43.08,82.24,0.7775,0.0502,0.4308,0.8224,0.335,0.2716,0,0.2649
67.1,17.6,91.37,78.78,0.671,0.0536,0.9137,0.7878,0.613,0.5373,1,0.6218
95.86,21.1,39.76,87.78,0.9586,0.0452,0.3976,0.8778,0.3811,0.2802,1,0.95
94.95,5.0,42.76,71.83,0.9495,0.1668,0.4276,0.7183,0.406,0.0712,0,0.05
60.26,7.4,76.92,72.82,0.6026,0.1197,0.7692,0.7282,0.4635,0.1885,0,0.05
56.7,5.5,73.77,69.18,0.567,0.1542,0.7377,0.6918,0.4183,0.1349,0,0.05
45.26,13.9,12.09,84.52,0.4526,0.0669,0.1209,0.8452,0.0547,0.0562,0,0.05
58.86,1.0,40.34,83.15,0.5886,0.5,0.4034,0.8315,0.2375,0.0134,0,0.0822
82.52,1.3,10.0,67.97,0.8252,0.4408,0.1,0.6797,0.0825,0.0042,1,0.0829
78.4,16.2,19.72,67.74,0.784,0.0581,0.1972,0.6774,0.1546,0.1066,0,0.3277
79.67,43.3,26.32,63.3,0.7967,0.0225,0.2632,0.633,0.2097,0.3803,1,0.2804
58.68,17.1,75.41,65.52,0.5868,0.0553,0.7541,0.6552,0.4425,0.4295,0,0.1229
87.07,4.7,13.4,73.2,0.8707,0.1745,0.134,0.732,0.1167,0.0211,0,0.05
66.19,15.3,71.37,78.84,0.6619,0.0614,0.7137,0.7884,0.4724,0.3637,1,0.3681
99.55,31.1,76.64,75.09,0.9955,0.0311,0.7664,0.7509,0.7629,0.7947,1,0.9174
70.41,3.4,23.39,48.2,0.7041,0.2267,0.2339,0.482,0.1647,0.0266,0,0.05
87.7,7.0,53.88,64.72,0.877,0.125,0.5388,0.6472,0.4725,0.1257,0,0.2098
72.45,3.2,60.09,79.95,0.7245,0.238,0.6009,0.7995,0.4354,0.0641,0,0.05
62.24,1.5,44.77,66.96,0.6224,0.3965,0.4477,0.6696,0.2787,0.0227,0,0.1672
74.29,27.8,46.03,85.34,0.7429,0.0347,0.4603,0.8534,0.342,0.4268,0,0.1297
72.08,10.1,47.11,63.38,0.7208,0.0901,0.4711,0.6338,0.3396,0.1586,0,0.05
68.28,10.3,62.76,91.86,0.6828,0.0885,0.6276,0.9186,0.4285,0.2154,0,0.335
58.5,2.0,92.25,70.61,0.585,0.3348,0.9225,0.7061,0.5397,0.0611,0,0.05
70.94,1.0,39.5,71.83,0.7094,0.5,0.395,0.7183,0.2802,0.0132,0,0.05
76.77,3.7,34.47,58.32,0.7677,0.2138,0.3447,0.5832,0.2646,0.0422,0,0.0658
76.31,4.7,61.12,73.37,0.7631,0.1769,0.6112,0.7337,0.4664,0.0948,1,0.145
83.65,3.0,27.55,52.87,0.8365,0.2518,0.2755,0.5287,0.2304,0.0273,0,0.05
71.36,4.3,73.08,88.81,0.7136,0.1875,0.7308,0.8881,0.5215,0.1056,0,0.05
100.0,16.4,80.64,73.44,1.0,0.0576,0.8064,0.7344,0.8064,0.4396,1,0.8946
100.0,4.4,24.88,67.15,1.0,0.1846,0.2488,0.6715,0.2488,0.0366,0,0.05
57.51,34.2,59.07,81.58,0.5751,0.0284,0.5907,0.8158,0.3397,0.6733,0,0.256
94.24,2.9,39.22,84.03,0.9424,0.256,0.3922,0.8403,0.3696,0.038,0,0.05
62.31,13.0,44.05,84.13,0.6231,0.0713,0.4405,0.8413,0.2745,0.1912,0,0.05
92.96,1.0,83.32,88.98,0.9296,0.5,0.8332,0.8898,0.7745,0.0278,1,0.3413
88.06,2.0,55.69,64.99,0.8806,0.3326,0.5569,0.6499,0.4904,0.0373,0,0.05
87.81,1.0,96.79,82.06,0.8781,0.5,0.9679,0.8206,0.8499,0.0323,0,0.3916
80.74,3.0,82.11,79.36,0.8074,0.2502,0.8211,0.7936,0.6629,0.082,0,0.5485
98.79,1.8,95.98,75.92,0.9879,0.3548,0.9598,0.7592,0.9482,0.0582,0,0.5624
88.52,9.8,10.0,61.52,0.8852,0.0929,0.1,0.6152,0.0885,0.0326,0,0.05
81.35,2.1,75.76,80.32,0.8135,0.3273,0.7576,0.8032,0.6163,0.0519,0,0.1298
49.02,13.4,66.62,94.72,0.4902,0.0696,0.6662,0.9472,0.3266,0.2967,0,0.3861
100.0,2.7,80.81,73.48,1.0,0.2703,0.8081,0.7348,0.8081,0.0727,1,0.3512
89.5,7.0,33.13,74.05,0.895,0.1245,0.3313,0.7405,0.2965,0.0776,0,0.0921
72.19,1.0,10.0,95.0,0.7219,0.5,0.1,0.95,0.0722,0.0033,0,0.05
75.23,1.0,67.47,61.19,0.7523,0.4883,0.6747,0.6119,0.5076,0.0236,0,0.05
65.55,25.9,19.44,74.64,0.6555,0.0372,0.1944,0.7464,0.1274,0.1675,0,0.05
84.49,19.1,26.5,73.75,0.8449,0.0497,0.265,0.7375,0.2239,0.1688,0,0.4893
83.53,27.0,42.76,62.88,0.8353,0.0358,0.4276,0.6288,0.3572,0.3844,0,0.3962
76.44,23.0,31.65,77.27,0.7644,0.0418,0.3165,0.7727,0.242,0.2421,0,0.3797
66.29,14.1,35.27,59.11,0.6629,0.0661,0.3527,0.5911,0.2338,0.1661,0,0.05
49.89,41.8,58.34,95.0,0.4989,0.0234,0.5834,0.95,0.2911,0.8123,1,0.1588
79.12,17.0,46.62,64.69,0.7912,0.0557,0.4662,0.6469,0.3688,0.2636,1,0.264
74.19,27.4,15.0,89.82,0.7419,0.0352,0.15,0.8982,0.1113,0.137,0,0.05
89.74,1.0,88.17,61.93,0.8974,0.5,0.8817,0.6193,0.7912,0.0294,0,0.1851
93.29,4.7,28.3,88.75,0.9329,0.1744,0.283,0.8875,0.264,0.0447,0,0.1723
63.74,13.6,85.84,71.15,0.6374,0.0687,0.8584,0.7115,0.5471,0.3881,0,0.2545
64.4,1.0,69.71,64.43,0.644,0.5,0.6971,0.6443,0.4489,0.0232,0,0.2299
82.04,1.0,51.01,75.8,0.8204,0.5,0.5101,0.758,0.4185,0.017,0,0.05
89.28,16.0,96.49,43.43,0.8928,0.0589,0.9649,0.4343,0.8615,0.5141,1,0.8734
79.48,5.4,46.88,52.66,0.7948,0.1563,0.4688,0.5266,0.3726,0.0844,0,0.0612
73.51,2.1,52.97,66.46,0.7351,0.3184,0.5297,0.6646,0.3893,0.0378,0,0.05
72.68,28.1,30.0,63.33,0.7268,0.0343,0.3,0.6333,0.2181,0.2812,0,0.1482
72.82,6.3,73.8,74.24,0.7282,0.1369,0.738,0.7424,0.5374,0.1551,0,0.05
94.05,6.5,77.3,83.13,0.9405,0.1337,0.773,0.8313,0.727,0.167,0,0.6683
34.89,3.3,63.46,61.92,0.3489,0.2344,0.6346,0.6192,0.2214,0.0691,0,0.05
56.43,1.0,38.54,54.54,0.5643,0.5,0.3854,0.5454,0.2175,0.0128,0,0.0574
76.15,34.0,32.03,52.69,0.7615,0.0286,0.3203,0.5269,0.2439,0.3628,0,0.118
80.37,6.0,38.94,95.0,0.8037,0.1433,0.3894,0.95,0.313,0.0776,0,0.2994
97.68,2.6,76.36,56.15,0.9768,0.2795,0.7636,0.5615,0.7459,0.0656,0,0.3856
74.06,4.3,35.44,93.12,0.7406,0.1901,0.3544,0.9312,0.2625,0.0503,0,0.05
93.38,2.7,91.02,76.97,0.9338,0.2687,0.9102,0.7697,0.85,0.0826,1,0.95
81.08,19.9,46.36,77.39,0.8108,0.0478,0.4636,0.7739,0.3759,0.3077,1,0.4164
100.0,6.1,78.96,84.11,1.0,0.1404,0.7896,0.8411,0.7896,0.1612,0,0.6208
51.69,7.5,28.72,64.2,0.5169,0.1181,0.2872,0.642,0.1485,0.0715,0,0.05
72.14,3.8,14.65,74.18,0.7214,0.2087,0.1465,0.7418,0.1057,0.0185,0,0.0864
84.34,2.8,44.03,93.35,0.8434,0.2656,0.4403,0.9335,0.3713,0.0406,0,0.0542
82.79,13.5,76.03,57.19,0.8279,0.0692,0.7603,0.5719,0.6294,0.341,1,0.5792
71.5,9.7,42.78,66.83,0.715,0.0936,0.4278,0.6683,0.3059,0.1381,0,0.05
59.52,2.5,44.27,83.78,0.5952,0.2897,0.4427,0.8378,0.2635,0.0362,0,0.05
66.61,15.0,58.37,70.24,0.6661,0.0623,0.5837,0.7024,0.3888,0.2926,0,0.1831
79.7,4.0,74.6,87.44,0.797,0.2002,0.746,0.8744,0.5946,0.0994,0,0.2034
53.18,11.8,47.27,80.07,0.5318,0.0781,0.4727,0.8007,0.2514,0.186,0,0.2057
49.05,8.7,21.21,87.3,0.4905,0.1035,0.2121,0.873,0.104,0.0612,0,0.05
78.76,7.0,55.04,67.76,0.7876,0.1248,0.5504,0.6776,0.4335,0.1287,0,0.2318
88.87,1.2,64.48,89.35,0.8887,0.4525,0.6448,0.8935,0.5731,0.026,1,0.2718
42.61,10.2,75.31,79.84,0.4261,0.0894,0.7531,0.7984,0.3209,0.2557,0,0.2728
44.43,1.1,81.53,77.11,0.4443,0.4698,0.8153,0.7711,0.3622,0.0307,0,0.05
70.75,28.6,68.91,64.17,0.7075,0.0337,0.6891,0.6417,0.4875,0.6579,0,0.1447
66.49,26.7,20.34,86.31,0.6649,0.0361,0.2034,0.8631,0.1352,0.1809,1,0.283
99.82,10.5,49.3,70.52,0.9982,0.0869,0.493,0.7052,0.4921,0.1726,1,0.7848
64.12,26.4,71.03,48.38,0.6412,0.0365,0.7103,0.4838,0.4555,0.6248,0,0.2625
98.98,3.1,51.71,87.02,0.9898,0.2426,0.5171,0.8702,0.5118,0.0538,0,0.4765
53.28,1.0,16.04,83.35,0.5328,0.5,0.1604,0.8335,0.0855,0.0053,0,0.0811
56.32,1.1,32.22,77.41,0.5632,0.482,0.3222,0.7741,0.1815,0.0115,0,0.05
72.58,2.0,27.55,78.56,0.7258,0.3293,0.2755,0.7856,0.2,0.0187,0,0.0596
71.1,4.0,96.61,83.96,0.711,0.2018,0.9661,0.8396,0.6869,0.1274,0,0.1899
92.65,2.3,60.96,80.01,0.9265,0.3026,0.6096,0.8001,0.5647,0.0468,1,0.2354
86.99,16.8,63.71,82.65,0.8699,0.0563,0.6371,0.8265,0.5542,0.3559,1,0.945
59.08,31.7,92.12,78.43,0.5908,0.0306,0.9212,0.7843,0.5443,0.9732,0,0.4466
70.19,24.6,58.52,60.16,0.7019,0.039,0.5852,0.6016,0.4107,0.4804,0,0.1176
92.85,14.1,94.35,63.49,0.9285,0.0664,0.9435,0.6349,0.876,0.4421,1,0.7647
84.71,3.1,48.7,66.09,0.8471,0.2446,0.487,0.6609,0.4125,0.0501,0,0.1158
78.96,3.6,70.76,72.86,0.7896,0.2179,0.7076,0.7286,0.5587,0.0847,0,0.05
62.85,1.0,42.72,59.87,0.6285,0.4933,0.4272,0.5987,0.2685,0.0146,0,0.168
97.16,3.1,70.57,81.01,0.9716,0.2443,0.7057,0.8101,0.6856,0.0728,0,0.3622
63.64,16.0,69.02,76.04,0.6364,0.0587,0.6902,0.7604,0.4392,0.3686,0,0.146
100.0,3.7,53.32,79.93,1.0,0.212,0.5332,0.7993,0.5332,0.0661,0,0.3269
65.62,12.7,46.43,57.89,0.6562,0.073,0.4643,0.5789,0.3047,0.1967,0,0.05
89.83,5.2,34.76,84.5,0.8983,0.1614,0.3476,0.845,0.3123,0.0602,0,0.1429
69.7,10.9,40.48,85.3,0.697,0.0842,0.4048,0.853,0.2821,0.1467,0,0.0904
75.51,16.9,48.1,60.88,0.7551,0.0558,0.481,0.6088,0.3632,0.2714,1,0.3321
74.92,1.0,40.47,76.64,0.7492,0.5,0.4047,0.7664,0.3032,0.0135,0,0.05
97.9,13.2,76.74,81.55,0.979,0.0706,0.7674,0.8155,0.7513,0.3367,0,0.7328
100.0,5.7,38.16,77.74,1.0,0.1502,0.3816,0.7774,0.3816,0.072,1,0.5135
99.68,1.6,41.45,75.81,0.9968,0.3909,0.4145,0.7581,0.4132,0.0215,0,0.05
76.02,14.4,91.79,95.0,0.7602,0.0651,0.9179,0.95,0.6977,0.4397,1,0.8983
78.41,5.8,25.64,66.99,0.7841,0.1461,0.2564,0.6699,0.201,0.05,0,0.05
75.39,3.0,85.55,95.0,0.7539,0.2507,0.8555,0.95,0.645,0.0852,0,0.3023
61.7,54.4,16.33,91.67,0.617,0.0181,0.1633,0.9167,0.1007,0.2959,0,0.1266
100.0,6.2,67.52,95.0,1.0,0.1382,0.6752,0.95,0.6752,0.1403,1,0.7057
75.27,1.0,16.68,71.6,0.7527,0.4892,0.1668,0.716,0.1256,0.0058,0,0.05
62.62,12.4,90.03,86.49,0.6262,0.0747,0.9003,0.8649,0.5638,0.3719,1,0.648
64.17,12.6,49.24,72.22,0.6417,0.0733,0.4924,0.7222,0.316,0.2075,0,0.05
93.46,2.4,85.8,55.74,0.9346,0.2955,0.858,0.5574,0.8019,0.0682,0,0.2417
83.65,1.0,63.73,81.12,0.8365,0.5,0.6373,0.8112,0.5331,0.0212,1,0.1773
57.56,4.6,80.44,89.92,0.5756,0.1786,0.8044,0.8992,0.463,0.1234,0,0.1907
72.74,22.8,34.08,75.98,0.7274,0.042,0.3408,0.7598,0.2479,0.2588,1,0.05
81.9,8.6,31.75,71.72,0.819,0.1044,0.3175,0.7172,0.26,0.0907,1,0.2507
87.77,7.8,28.78,75.23,0.8777,0.1135,0.2878,0.7523,0.2526,0.0749,1,0.2407
65.57,20.6,28.04,77.32,0.6557,0.0463,0.2804,0.7732,0.1838,0.1924,0,0.05
87.78,38.6,38.02,71.58,0.8778,0.0252,0.3802,0.7158,0.3338,0.4893,1,0.8499
100.0,5.4,75.81,78.01,1.0,0.1559,0.7581,0.7801,0.7581,0.1368,1,0.5688
70.02,10.2,57.54,79.61,0.7002,0.0893,0.5754,0.7961,0.4029,0.1955,1,0.2761
95.35,5.6,83.48,91.33,0.9535,0.152,0.8348,0.9133,0.796,0.1552,0,0.7527
89.68,7.7,59.73,89.43,0.8968,0.1153,0.5973,0.8943,0.5357,0.1527,0,0.6209
79.49,5.2,96.74,74.2,0.7949,0.1622,0.9674,0.742,0.769,0.1666,1,0.7455
76.02,29.8,54.29,59.83,0.7602,0.0325,0.5429,0.5983,0.4127,0.5396,0,0.3448
77.96,8.0,93.7,64.67,0.7796,0.1108,0.937,0.6467,0.7304,0.2506,0,0.2189
68.91,12.4,43.26,69.97,0.6891,0.0749,0.4326,0.6997,0.2981,0.1782,0,0.05
84.5,1.0,42.72,63.72,0.845,0.5,0.4272,0.6372,0.361,0.0142,0,0.1658
77.63,6.8,56.69,77.89,0.7763,0.1283,0.5669,0.7789,0.4401,0.1284,0,0.0792
84.99,10.8,47.92,75.61,0.8499,0.0851,0.4792,0.7561,0.4072,0.1718,1,0.649
72.97,4.7,63.67,75.91,0.7297,0.175,0.6367,0.7591,0.4646,0.1001,0,0.05
66.77,10.1,30.02,78.55,0.6677,0.0897,0.3002,0.7855,0.2004,0.1015,0,0.0893
40.63,9.8,38.29,85.45,0.4063,0.0925,0.3829,0.8545,0.1556,0.1252,1,0.1449
75.86,3.6,90.01,66.47,0.7586,0.2182,0.9001,0.6647,0.6828,0.1075,1,0.4191
79.46,1.5,73.02,95.0,0.7946,0.3947,0.7302,0.95,0.5802,0.0373,0,0.186
73.2,3.8,56.34,72.14,0.732,0.2066,0.5634,0.7214,0.4124,0.0721,0,0.05
94.52,1.6,49.54,64.77,0.9452,0.3885,0.4954,0.6477,0.4682,0.026,0,0.0975
73.63,1.0,52.41,72.91,0.7363,0.5,0.5241,0.7291,0.3859,0.0175,0,0.05
61.71,1.0,35.48,83.05,0.6171,0.5,0.3548,0.8305,0.2189,0.0118,0,0.1104
59.35,1.6,48.18,82.24,0.5935,0.3785,0.4818,0.8224,0.2859,0.0264,0,0.0768
67.65,42.6,24.92,59.74,0.6765,0.0229,0.2492,0.5974,0.1686,0.3542,0,0.0711
86.31,10.5,72.26,64.21,0.8631,0.0868,0.7226,0.6421,0.6237,0.2534,1,0.6587
100.0,16.0,44.38,88.16,1.0,0.0589,0.4438,0.8816,0.4438,0.2362,1,0.7309
94.54,2.4,70.61,77.26,0.9454,0.2918,0.7061,0.7726,0.6676,0.0571,0,0.4503
98.45,1.0,93.89,75.99,0.9845,0.4939,0.9389,0.7599,0.9244,0.0321,0,0.4772
61.11,4.5,62.01,69.52,0.6111,0.1807,0.6201,0.6952,0.379,0.0937,0,0.129
94.54,8.4,34.34,71.18,0.9454,0.1062,0.3434,0.7118,0.3247,0.0963,0,0.197
92.01,21.3,45.95,70.06,0.9201,0.0448,0.4595,0.7006,0.4228,0.3264,1,0.7706
100.0,15.0,92.74,91.54,1.0,0.0623,0.9274,0.9154,0.9274,0.4652,1,0.95
100.0,3.1,60.88,78.37,1.0,0.2416,0.6088,0.7837,0.6088,0.0637,0,0.3279
81.04,7.1,10.0,73.62,0.8104,0.1231,0.1,0.7362,0.081,0.0237,0,0.2067
84.69,7.1,90.3,81.26,0.8469,0.1233,0.903,0.8126,0.7647,0.2139,1,0.4704
75.05,10.4,65.81,94.18,0.7505,0.088,0.6581,0.9418,0.4939,0.2273,1,0.7234
71.67,8.4,58.28,80.93,0.7167,0.1061,0.5828,0.8093,0.4177,0.1636,1,0.0655
85.97,6.3,90.47,62.62,0.8597,0.1376,0.9047,0.6262,0.7778,0.189,1,0.556
87.37,4.1,69.65,85.82,0.8737,0.1949,0.6965,0.8582,0.6085,0.0959,0,0.5185
69.7,13.6,94.96,84.94,0.697,0.0686,0.9496,0.8494,0.6619,0.4296,0,0.6071
79.78,4.0,13.08,84.98,0.7978,0.2001,0.1308,0.8498,0.1044,0.0174,1,0.0842
75.93,21.9,62.25,73.34,0.7593,0.0436,0.6225,0.7334,0.4726,0.4553,0,0.4576
60.94,5.5,46.66,77.72,0.6094,0.1531,0.4666,0.7772,0.2844,0.086,0,0.05
84.34,3.0,37.25,82.31,0.8434,0.2474,0.3725,0.8231,0.3141,0.0378,0,0.05
100.0,8.3,93.81,77.66,1.0,0.108,0.9381,0.7766,0.9381,0.2583,0,0.8956
100.0,6.6,76.27,53.15,1.0,0.1312,0.7627,0.5315,0.7627,0.1683,0,0.3794
86.78,5.2,67.61,65.04,0.8678,0.1612,0.6761,0.6504,0.5867,0.1173,0,0.2733
81.02,14.5,65.28,79.8,0.8102,0.0644,0.6528,0.798,0.5289,0.3164,1,0.7202
81.13,1.4,10.01,70.99,0.8113,0.4243,0.1001,0.7099,0.0812,0.0045,0,0.05
58.94,4.8,88.46,58.43,0.5894,0.1713,0.8846,0.5843,0.5213,0.1427,0,0.05
75.12,1.0,54.92,82.32,0.7512,0.5,0.5492,0.8232,0.4126,0.0183,0,0.05
79.79,16.5,59.41,79.71,0.7979,0.0572,0.5941,0.7971,0.474,0.3264,1,0.5954
88.74,13.0,60.55,68.3,0.8874,0.0715,0.6055,0.683,0.5373,0.2621,1,0.5926
88.05,60.0,81.3,73.51,0.8805,0.0164,0.813,0.7351,0.7158,1.626,1,0.9289
78.47,9.3,74.57,53.94,0.7847,0.0967,0.7457,0.5394,0.5852,0.2321,1,0.1637
100.0,5.8,97.41,84.54,1.0,0.1463,0.9741,0.8454,0.9741,0.1895,1,0.95
65.12,8.6,23.81,63.01,0.6512,0.1041,0.2381,0.6301,0.155,0.0683,0,0.05
52.2,1.0,72.43,87.49,0.522,0.5,0.7243,0.8749,0.3781,0.0241,0,0.05
83.82,5.3,51.26,92.27,0.8382,0.1592,0.5126,0.9227,0.4297,0.0903,0,0.6029
74.95,3.2,64.63,95.0,0.7495,0.2393,0.6463,0.95,0.4844,0.0685,0,0.1327
81.58,1.2,66.16,75.73,0.8158,0.4461,0.6616,0.7573,0.5397,0.0274,0,0.086
87.56,1.0,74.73,95.0,0.8756,0.5,0.7473,0.95,0.6544,0.0249,1,0.2013
73.91,7.8,76.06,66.18,0.7391,0.1139,0.7606,0.6618,0.5621,0.1973,1,0.2167
84.62,10.2,81.43,85.05,0.8462,0.0893,0.8143,0.8505,0.689,0.2768,1,0.95
75.36,6.8,41.97,78.72,0.7536,0.1278,0.4197,0.7872,0.3162,0.0955,0,0.1161
65.51,2.7,68.57,61.39,0.6551,0.2677,0.6857,0.6139,0.4492,0.0625,0,0.1112
54.11,4.3,60.78,67.1,0.5411,0.1902,0.6078,0.671,0.3289,0.0863,0,0.0962
96.38,2.8,81.66,83.69,0.9638,0.2612,0.8166,0.8369,0.7871,0.077,1,0.6614
85.63,20.0,91.29,82.32,0.8563,0.0477,0.9129,0.8232,0.7817,0.608,1,0.742
70.38,11.3,40.43,79.99,0.7038,0.0813,0.4043,0.7999,0.2846,0.1523,0,0.1621
72.14,8.5,21.39,95.0,0.7214,0.1056,0.2139,0.95,0.1543,0.0604,0,0.1062
76.87,12.3,58.72,87.99,0.7687,0.075,0.5872,0.8799,0.4514,0.2415,1,0.5
74.8,14.8,96.49,72.84,0.748,0.0633,0.9649,0.7284,0.7218,0.4759,1,0.5871
77.09,1.8,47.07,77.52,0.7709,0.3629,0.4707,0.7752,0.3629,0.0275,0,0.05
69.54,3.6,79.51,62.93,0.6954,0.2161,0.7951,0.6293,0.5529,0.0962,0,0.05
72.31,15.7,50.03,84.25,0.7231,0.0597,0.5003,0.8425,0.3617,0.2625,1,0.2837
93.72,5.6,88.28,73.1,0.9372,0.1511,0.8828,0.731,0.8274,0.1653,1,0.5513
50.02,13.1,55.77,88.95,0.5002,0.0711,0.5577,0.8895,0.2789,0.2429,0,0.2671
55.93,6.3,52.73,72.17,0.5593,0.137,0.5273,0.7217,0.2949,0.1107,0,0.05
100.0,13.5,82.67,61.49,1.0,0.0692,0.8267,0.6149,0.8267,0.3706,1,0.7389
100.0,2.7,68.18,81.47,1.0,0.2713,0.6818,0.8147,0.6818,0.061,0,0.2591
100.0,1.0,71.62,91.21,1.0,0.5,0.7162,0.9121,0.7162,0.0239,1,0.1987
74.67,6.0,14.92,57.28,0.7467,0.1437,0.1492,0.5728,0.1114,0.0296,1,0.074
91.0,24.0,12.66,81.41,0.91,0.04,0.1266,0.8141,0.1152,0.1012,1,0.8591
83.12,4.2,79.06,71.6,0.8312,0.1939,0.7906,0.716,0.6571,0.1096,0,0.1736
93.14,2.3,65.15,60.85,0.9314,0.3025,0.6515,0.6085,0.6068,0.0501,0,0.05
91.67,26.6,88.21,69.94,0.9167,0.0362,0.8821,0.6994,0.8086,0.7819,1,0.95
74.82,1.0,81.4,79.1,0.7482,0.5,0.814,0.791,0.6091,0.0271,0,0.05
69.54,1.9,33.52,84.2,0.6954,0.3452,0.3352,0.842,0.2331,0.0212,0,0.082
58.9,1.0,93.74,67.46,0.589,0.5,0.9374,0.6746,0.5521,0.0312,0,0.05
50.31,14.5,34.62,68.01,0.5031,0.0644,0.3462,0.6801,0.1742,0.1678,0,0.05
81.87,14.4,63.54,72.96,0.8187,0.0649,0.6354,0.7296,0.5202,0.3052,1,0.8137
89.3,11.3,11.13,82.18,0.893,0.0812,0.1113,0.8218,0.0994,0.0419,1,0.5134
86.43,1.4,30.96,80.17,0.8643,0.4252,0.3096,0.8017,0.2676,0.014,0,0.05
98.12,5.7,10.0,82.42,0.9812,0.1486,0.1,0.8242,0.0981,0.0191,0,0.3665
59.27,18.0,32.38,72.27,0.5927,0.0526,0.3238,0.7227,0.1919,0.1945,0,0.05
100.0,24.3,79.81,76.33,1.0,0.0396,0.7981,0.7633,0.7981,0.6453,1,0.95
89.4,4.7,59.87,64.72,0.894,0.1745,0.5987,0.6472,0.5352,0.0944,0,0.05
74.25,1.0,61.24,94.42,0.7425,0.5,0.6124,0.9442,0.4547,0.0204,1,0.05
100.0,41.6,43.75,95.0,1.0,0.0235,0.4375,0.95,0.4375,0.606,1,0.95
72.35,6.0,49.49,82.79,0.7235,0.1438,0.4949,0.8279,0.358,0.0982,0,0.05
86.1,4.8,88.98,74.65,0.861,0.1715,0.8898,0.7465,0.7661,0.1432,0,0.3275
83.15,2.8,21.29,77.77,0.8315,0.2607,0.2129,0.7777,0.177,0.0201,1,0.0773
65.03,6.9,60.97,66.98,0.6503,0.1269,0.6097,0.6698,0.3965,0.1399,0,0.0693
84.46,10.1,51.48,89.6,0.8446,0.0897,0.5148,0.896,0.4348,0.1741,1,0.7356
38.91,1.0,49.79,65.95,0.3891,0.5,0.4979,0.6595,0.1937,0.0166,0,0.0883
97.41,1.0,91.4,83.24,0.9741,0.5,0.914,0.8324,0.8903,0.0305,0,0.5286
94.55,25.0,38.61,82.91,0.9455,0.0384,0.3861,0.8291,0.3651,0.3223,1,0.95
81.42,21.2,55.77,74.61,0.8142,0.0451,0.5577,0.7461,0.454,0.3933,1,0.689
77.69,6.2,29.13,78.93,0.7769,0.1393,0.2913,0.7893,0.2263,0.06,0,0.1452
85.27,3.1,30.89,84.91,0.8527,0.2453,0.3089,0.8491,0.2634,0.0317,0,0.2585
64.88,1.1,81.46,84.13,0.6488,0.4767,0.8146,0.8413,0.5285,0.0298,0,0.05
100.0,12.0,80.46,71.45,1.0,0.0768,0.8046,0.7145,0.8046,0.3223,1,0.95
79.33,13.9,78.9,75.09,0.7933,0.0673,0.789,0.7509,0.626,0.3643,1,0.5021
100.0,14.8,46.03,83.95,1.0,0.0635,0.4603,0.8395,0.4603,0.2263,1,0.8997
80.69,6.7,28.68,79.32,0.8069,0.1305,0.2868,0.7932,0.2314,0.0637,0,0.1501
77.77,1.5,78.83,66.14,0.7777,0.4071,0.7883,0.6614,0.613,0.0383,0,0.1755
72.53,1.9,93.89,95.0,0.7253,0.3481,0.9389,0.95,0.681,0.0586,0,0.1024
71.85,3.6,55.08,74.7,0.7185,0.2174,0.5508,0.747,0.3957,0.0661,0,0.0558
70.94,6.4,68.24,76.04,0.7094,0.1349,0.6824,0.7604,0.4841,0.1459,0,0.05
81.93,19.9,44.0,78.84,0.8193,0.0479,0.44,0.7884,0.3605,0.2913,1,0.545
76.07,8.0,21.78,69.62,0.7607,0.1107,0.2178,0.6962,0.1657,0.0584,0,0.05
59.48,33.2,35.43,70.41,0.5948,0.0292,0.3543,0.7041,0.2107,0.3923,0,0.05
75.78,9.3,43.43,75.25,0.7578,0.097,0.4343,0.7525,0.3291,0.1348,0,0.05
81.73,18.5,58.37,47.77,0.8173,0.0513,0.5837,0.4777,0.477,0.3596,0,0.4791
77.06,3.2,48.49,85.24,0.7706,0.2374,0.4849,0.8524,0.3737,0.0519,0,0.05
83.86,1.0,15.48,56.3,0.8386,0.5,0.1548,0.563,0.1298,0.0052,0,0.3333
90.46,2.1,31.76,70.73,0.9046,0.3229,0.3176,0.7073,0.2873,0.0222,0,0.05
84.1,1.0,92.06,94.18,0.841,0.5,0.9206,0.9418,0.7743,0.0307,0,0.4145
53.79,6.1,54.13,76.67,0.5379,0.1415,0.5413,0.7667,0.2912,0.1095,0,0.05
71.09,1.8,51.33,74.19,0.7109,0.3516,0.5133,0.7419,0.365,0.0316,0,0.1692
100.0,2.1,33.04,92.3,1.0,0.323,0.3304,0.923,0.3304,0.0231,1,0.1554
83.9,7.5,97.37,95.0,0.839,0.1177,0.9737,0.95,0.817,0.2432,1,0.8098
71.05,10.5,18.43,91.35,0.7105,0.087,0.1843,0.9135,0.131,0.0645,0,0.1814
89.99,1.0,38.44,82.95,0.8999,0.5,0.3844,0.8295,0.3459,0.0128,0,0.05
85.38,5.5,20.51,68.46,0.8538,0.1534,0.2051,0.6846,0.1751,0.0377,0,0.05
86.23,1.0,27.73,64.19,0.8623,0.5,0.2773,0.6419,0.2391,0.0092,0,0.05
75.49,10.9,53.74,53.47,0.7549,0.084,0.5374,0.5347,0.4057,0.1952,1,0.3341
83.26,3.3,82.87,58.68,0.8326,0.2337,0.8287,0.5868,0.69,0.0906,0,0.2228
55.73,10.5,99.1,91.71,0.5573,0.0868,0.991,0.9171,0.5523,0.3476,0,0.6982
84.12,9.4,37.88,83.56,0.8412,0.0965,0.3788,0.8356,0.3187,0.1182,0,0.1771
59.01,18.1,70.08,87.98,0.5901,0.0523,0.7008,0.8798,0.4136,0.4232,0,0.2002
84.69,11.0,24.86,44.23,0.8469,0.0833,0.2486,0.4423,0.2106,0.0912,0,0.2902
87.59,9.1,62.59,64.28,0.8759,0.0986,0.6259,0.6428,0.5482,0.1908,1,0.3089
83.14,1.0,40.41,76.96,0.8314,0.5,0.4041,0.7696,0.336,0.0135,0,0.05
53.71,9.3,20.92,79.84,0.5371,0.0968,0.2092,0.7984,0.1124,0.0651,1,0.1246
69.83,4.6,85.6,91.29,0.6983,0.1782,0.856,0.9129,0.5977,0.1316,0,0.2292
60.19,1.0,71.11,56.47,0.6019,0.5,0.7111,0.5647,0.428,0.0237,0,0.1471
90.15,5.2,40.77,83.44,0.9015,0.1617,0.4077,0.8344,0.3675,0.0705,0,0.2972
78.15,10.8,83.98,95.0,0.7815,0.0844,0.8398,0.95,0.6563,0.3036,1,0.95
93.43,13.3,35.54,73.7,0.9343,0.0699,0.3554,0.737,0.332,0.1575,1,0.5622
86.7,1.0,19.46,82.48,0.867,0.5,0.1946,0.8248,0.1687,0.0065,0,0.1513
98.19,1.0,82.99,76.99,0.9819,0.5,0.8299,0.7699,0.8149,0.0277,1,0.4246
86.52,12.9,75.76,81.23,0.8652,0.0719,0.7576,0.8123,0.6555,0.3259,1,0.7715
89.6,2.1,11.74,57.78,0.896,0.3245,0.1174,0.5778,0.1052,0.0081,0,0.05
97.1,35.5,36.51,88.13,0.971,0.0274,0.3651,0.8813,0.3545,0.4318,1,0.95
100.0,22.0,75.28,55.37,1.0,0.0434,0.7528,0.5537,0.7528,0.5532,0,0.95
75.23,4.0,96.25,67.95,0.7523,0.2018,0.9625,0.6795,0.7241,0.1269,0,0.3276
72.32,7.2,72.63,82.06,0.7232,0.1215,0.7263,0.8206,0.5253,0.175,0,0.1228
94.31,6.5,74.6,70.0,0.9431,0.1337,0.746,0.7,0.7036,0.1612,1,0.3759
80.08,10.3,63.35,86.95,0.8008,0.0885,0.6335,0.8695,0.5073,0.2174,1,0.816
100.0,13.8,67.75,83.67,1.0,0.0674,0.6775,0.8367,0.6775,0.3124,0,0.7592
79.41,13.8,63.69,70.9,0.7941,0.0678,0.6369,0.709,0.5058,0.292,0,0.5535
82.77,5.4,84.01,58.96,0.8277,0.1574,0.8401,0.5896,0.6954,0.1499,1,0.4337
80.83,14.4,81.7,67.11,0.8083,0.0651,0.817,0.6711,0.6604,0.391,1,0.7764
79.39,26.7,76.27,61.28,0.7939,0.0361,0.7627,0.6128,0.6055,0.6791,1,0.4587
90.59,2.3,59.05,66.22,0.9059,0.2994,0.5905,0.6622,0.5349,0.0461,0,0.2105
95.94,9.1,81.85,80.77,0.9594,0.0985,0.8185,0.8077,0.7853,0.2496,1,0.5627
56.98,13.8,39.73,60.21,0.5698,0.0676,0.3973,0.6021,0.2264,0.1827,0,0.203
68.33,9.8,80.77,95.0,0.6833,0.0926,0.8077,0.95,0.5519,0.2639,0,0.1535
62.43,1.0,30.41,75.26,0.6243,0.5,0.3041,0.7526,0.1898,0.0101,0,0.05
79.31,1.0,44.27,75.76,0.7931,0.5,0.4427,0.7576,0.3511,0.0148,0,0.05
74.55,10.6,36.85,67.61,0.7455,0.0865,0.3685,0.6761,0.2747,0.1298,0,0.1225
86.73,1.0,77.39,76.72,0.8673,0.5,0.7739,0.7672,0.6712,0.0258,0,0.1872
60.28,13.0,11.16,51.93,0.6028,0.0714,0.1116,0.5193,0.0673,0.0484,0,0.05
60.19,20.9,83.69,86.57,0.6019,0.0456,0.8369,0.8657,0.5037,0.5836,0,0.4195
69.09,6.2,35.07,79.65,0.6909,0.1379,0.3507,0.7965,0.2423,0.0731,0,0.1583
63.85,3.5,10.0,71.41,0.6385,0.2219,0.1,0.7141,0.0639,0.0117,0,0.05
57.87,36.2,92.71,58.55,0.5787,0.0269,0.9271,0.5855,0.5365,1.1178,0,0.5292
100.0,4.9,47.82,86.81,1.0,0.1696,0.4782,0.8681,0.4782,0.078,1,0.2626
72.44,5.0,87.94,71.28,0.7244,0.1664,0.8794,0.7128,0.6371,0.1469,0,0.05
100.0,18.9,25.27,57.89,1.0,0.0503,0.2527,0.5789,0.2527,0.1591,1,0.6894
73.15,6.8,59.75,46.58,0.7315,0.1286,0.5975,0.4658,0.4371,0.135,0,0.05
85.41,5.3,61.95,67.74,0.8541,0.1589,0.6195,0.6774,0.5291,0.1093,0,0.3998
87.58,4.1,77.92,62.33,0.8758,0.1956,0.7792,0.6233,0.6824,0.1068,0,0.0614
46.92,10.2,44.54,73.11,0.4692,0.0889,0.4454,0.7311,0.209,0.1521,0,0.0808
82.27,1.0,16.14,79.3,0.8227,0.5,0.1614,0.793,0.1328,0.0054,0,0.05
91.13,6.3,48.74,85.92,0.9113,0.1366,0.4874,0.8592,0.4441,0.1027,0,0.4316
64.41,23.6,49.91,85.81,0.6441,0.0406,0.4991,0.8581,0.3215,0.3931,0,0.0906
70.76,2.5,83.44,81.07,0.7076,0.2873,0.8344,0.8107,0.5904,0.069,0,0.0936
68.69,3.8,62.15,66.84,0.6869,0.2092,0.6215,0.6684,0.4269,0.0783,1,0.1459
96.92,25.6,10.0,74.18,0.9692,0.0376,0.1,0.7418,0.0969,0.0853,0,0.8029
100.0,2.5,45.51,93.55,1.0,0.2857,0.4551,0.9355,0.4551,0.0379,0,0.3457
78.41,18.4,27.37,68.8,0.7841,0.0514,0.2737,0.688,0.2146,0.1682,0,0.3619
71.94,10.3,72.32,72.17,0.7194,0.0887,0.7232,0.7217,0.5202,0.2478,1,0.3691
73.33,36.1,41.2,73.28,0.7333,0.0269,0.412,0.7328,0.3021,0.4962,0,0.05
94.6,5.1,71.37,56.0,0.946,0.1648,0.7137,0.56,0.6752,0.1206,0,0.3146
91.02,1.9,15.15,51.22,0.9102,0.3496,0.1515,0.5122,0.1379,0.0094,0,0.05
93.62,2.9,95.99,89.19,0.9362,0.258,0.9599,0.8919,0.8986,0.092,1,0.7679
73.6,1.1,53.07,72.94,0.736,0.4728,0.5307,0.7294,0.3906,0.0197,0,0.1598
80.44,23.6,71.52,58.96,0.8044,0.0407,0.7152,0.5896,0.5753,0.562,0,0.5485
78.1,9.3,88.81,51.7,0.781,0.0973,0.8881,0.517,0.6936,0.2745,0,0.1496
65.44,3.3,89.62,68.7,0.6544,0.233,0.8962,0.687,0.5865,0.0983,1,0.138
58.49,10.6,40.74,74.01,0.5849,0.0859,0.4074,0.7401,0.2383,0.1445,0,0.0806
77.72,33.2,61.96,70.63,0.7772,0.0292,0.6196,0.7063,0.4815,0.6855,0,0.3716
100.0,1.0,71.81,90.63,1.0,0.5,0.7181,0.9063,0.7181,0.0239,1,0.3638
88.59,4.9,45.26,62.8,0.8859,0.1706,0.4526,0.628,0.401,0.0733,0,0.05
59.91,11.6,34.27,52.2,0.5991,0.0796,0.3427,0.522,0.2053,0.1322,0,0.05
65.39,13.1,52.94,67.85,0.6539,0.0709,0.5294,0.6785,0.3461,0.2314,0,0.05
85.04,5.0,49.81,60.82,0.8504,0.166,0.4981,0.6082,0.4235,0.0834,0,0.1496
89.86,4.7,69.44,70.55,0.8986,0.1743,0.6944,0.7055,0.6239,0.1096,0,0.065
72.76,14.3,66.64,53.04,0.7276,0.0653,0.6664,0.5304,0.4849,0.3177,0,0.1116
89.2,2.1,71.44,84.04,0.892,0.3186,0.7144,0.8404,0.6372,0.0509,0,0.2114
75.01,7.4,86.8,76.3,0.7501,0.1184,0.868,0.763,0.6511,0.2155,0,0.2593
88.09,1.7,97.07,63.94,0.8809,0.3764,0.9707,0.6394,0.8551,0.0536,0,0.2439
59.45,16.0,79.16,90.22,0.5945,0.0589,0.7916,0.9022,0.4706,0.4218,1,0.4991
88.52,1.0,22.22,56.05,0.8852,0.5,0.2222,0.5605,0.1967,0.0074,0,0.05
75.41,8.9,78.81,70.82,0.7541,0.1011,0.7881,0.7082,0.5943,0.2335,0,0.2925
93.43,18.8,13.41,75.13,0.9343,0.0505,0.1341,0.7513,0.1253,0.084,1,0.9079
86.9,10.3,28.81,68.8,0.869,0.0882,0.2881,0.688,0.2503,0.0993,0,0.3477
31.18,3.2,95.78,93.8,0.3118,0.2406,0.9578,0.938,0.2987,0.1008,0,0.0891
88.73,6.8,80.79,73.7,0.8873,0.1277,0.8079,0.737,0.7168,0.184,0,0.5612
98.27,5.7,53.08,74.29,0.9827,0.1503,0.5308,0.7429,0.5216,0.1,0,0.6475
77.1,8.1,86.09,95.0,0.771,0.1101,0.8609,0.95,0.6637,0.232,0,0.403
59.28,3.8,76.8,75.54,0.5928,0.2076,0.768,0.7554,0.4552,0.0977,0,0.05
83.68,6.0,78.52,64.44,0.8368,0.142,0.7852,0.6444,0.6571,0.1581,1,0.3269
49.49,13.6,62.22,70.35,0.4949,0.0685,0.6222,0.7035,0.3079,0.2822,0,0.05
100.0,1.9,65.12,65.28,1.0,0.3483,0.6512,0.6528,0.6512,0.0406,0,0.1188
93.77,12.2,48.79,73.11,0.9377,0.0759,0.4879,0.7311,0.4575,0.1981,1,0.6767
79.97,7.7,30.57,46.46,0.7997,0.1145,0.3057,0.4646,0.2445,0.0788,0,0.0693
63.65,1.0,28.78,79.93,0.6365,0.5,0.2878,0.7993,0.1832,0.0096,0,0.05
86.86,1.0,69.85,65.88,0.8686,0.5,0.6985,0.6588,0.6067,0.0233,0,0.05
69.93,19.8,68.26,55.85,0.6993,0.048,0.6826,0.5585,0.4773,0.4513,0,0.05
100.0,2.3,13.69,88.27,1.0,0.3015,0.1369,0.8827,0.1369,0.0106,1,0.2701
89.88,1.2,63.36,73.97,0.8988,0.4501,0.6336,0.7397,0.5695,0.0258,0,0.05
100.0,4.0,83.06,85.37,1.0,0.1998,0.8306,0.8537,0.8306,0.1109,0,0.2792
73.29,1.9,28.59,77.96,0.7329,0.3476,0.2859,0.7796,0.2096,0.0179,1,0.0869
81.86,2.8,58.94,67.16,0.8186,0.2598,0.5894,0.6716,0.4825,0.056,0,0.095
78.57,27.9,69.09,77.53,0.7857,0.0346,0.6909,0.7753,0.5428,0.6426,1,0.3745
69.57,35.8,80.78,72.15,0.6957,0.0271,0.8078,0.7215,0.562,0.965,1,0.3466
99.68,11.6,74.68,84.6,0.9968,0.0791,0.7468,0.846,0.7444,0.29,1,0.728
59.0,5.6,49.7,87.87,0.59,0.1525,0.497,0.8787,0.2933,0.0921,0,0.1929
80.61,15.5,72.45,70.18,0.8061,0.0607,0.7245,0.7018,0.584,0.3739,1,0.8548
78.78,11.2,47.5,69.01,0.7878,0.0819,0.475,0.6901,0.3742,0.1776,1,0.4197
83.81,5.3,55.65,77.34,0.8381,0.158,0.5565,0.7734,0.4664,0.0989,1,0.4615
87.65,22.8,65.36,54.47,0.8765,0.0421,0.6536,0.5447,0.5729,0.4961,1,0.6607
57.32,3.1,37.34,69.06,0.5732,0.2423,0.3734,0.6906,0.214,0.0389,0,0.05
77.31,14.6,45.6,79.15,0.7731,0.064,0.456,0.7915,0.3525,0.2224,0,0.3992
93.62,1.0,61.53,79.88,0.9362,0.5,0.6153,0.7988,0.576,0.0205,0,0.05
86.2,10.7,88.79,48.39,0.862,0.0858,0.8879,0.4839,0.7654,0.3153,0,0.4832
90.94,21.0,34.74,70.58,0.9094,0.0455,0.3474,0.7058,0.3159,0.2431,1,0.9202
80.13,9.3,77.95,61.81,0.8013,0.0973,0.7795,0.6181,0.6246,0.241,1,0.3687
55.68,16.6,13.93,64.11,0.5568,0.057,0.1393,0.6411,0.0776,0.0769,0,0.05
98.46,3.1,10.0,64.08,0.9846,0.2451,0.1,0.6408,0.0985,0.0103,0,0.1195
58.64,8.8,21.75,47.09,0.5864,0.1024,0.2175,0.4709,0.1276,0.0636,1,0.05
57.78,6.9,56.37,83.99,0.5778,0.1267,0.5637,0.8399,0.3257,0.1295,0,0.05
79.89,2.4,56.36,69.92,0.7989,0.2932,0.5636,0.6992,0.4503,0.0453,1,0.05
81.64,16.5,88.03,68.06,0.8164,0.0571,0.8803,0.6806,0.7186,0.4845,1,0.7242
75.5,10.7,29.26,71.31,0.755,0.0852,0.2926,0.7131,0.2209,0.1047,0,0.3092
87.14,8.5,53.19,75.27,0.8714,0.1051,0.5319,0.7527,0.4635,0.151,1,0.5694
92.75,3.4,50.81,72.85,0.9275,0.2264,0.5081,0.7285,0.4713,0.0579,0,0.4933
83.85,6.8,87.67,79.91,0.8385,0.1275,0.8767,0.7991,0.7351,0.2001,1,0.5667
70.95,3.3,54.42,85.14,0.7095,0.2303,0.5442,0.8514,0.3861,0.0606,0,0.0687
79.34,1.0,79.61,67.4,0.7934,0.5,0.7961,0.674,0.6316,0.0265,0,0.05
62.12,1.1,54.06,64.93,0.6212,0.477,0.5406,0.6493,0.3358,0.0198,0,0.05
71.92,19.3,73.49,86.36,0.7192,0.0493,0.7349,0.8636,0.5285,0.4724,1,0.4555
88.58,1.4,78.92,66.48,0.8858,0.4237,0.7892,0.6648,0.6991,0.0358,0,0.05
100.0,1.4,24.07,87.83,1.0,0.4254,0.2407,0.8783,0.2407,0.0108,0,0.05
72.57,13.2,64.47,69.04,0.7257,0.0705,0.6447,0.6904,0.4679,0.2832,0,0.3714
80.32,1.4,53.73,85.24,0.8032,0.425,0.5373,0.8524,0.4316,0.0242,0,0.0713
97.26,1.0,61.44,90.5,0.9726,0.5,0.6144,0.905,0.5976,0.0205,0,0.1215
53.09,8.6,81.12,83.43,0.5309,0.1041,0.8112,0.8343,0.4306,0.2327,0,0.05
55.92,4.2,88.71,75.05,0.5592,0.1923,0.8871,0.7505,0.4961,0.1242,0,0.05
96.75,2.8,58.8,81.45,0.9675,0.2653,0.588,0.8145,0.5689,0.0543,0,0.302
79.55,6.6,62.23,76.34,0.7955,0.132,0.6223,0.7634,0.495,0.1364,0,0.4872
84.81,1.0,46.7,51.58,0.8481,0.5,0.467,0.5158,0.3961,0.0156,0,0.1154
76.48,11.1,76.3,69.0,0.7648,0.0824,0.763,0.69,0.5835,0.2831,1,0.5939
88.82,12.9,84.18,71.43,0.8882,0.0719,0.8418,0.7143,0.7477,0.3621,1,0.7221
79.95,3.9,39.74,75.63,0.7995,0.2046,0.3974,0.7563,0.3177,0.0515,0,0.0577
100.0,10.2,73.06,75.39,1.0,0.0896,0.7306,0.7539,0.7306,0.2474,1,0.95
84.88,1.0,71.81,95.0,0.8488,0.5,0.7181,0.95,0.6095,0.0239,1,0.3137
85.99,9.0,27.04,58.63,0.8599,0.0998,0.2704,0.5863,0.2325,0.0813,0,0.05
95.69,10.3,83.61,85.37,0.9569,0.0884,0.8361,0.8537,0.8001,0.2875,0,0.7214
68.26,26.5,78.72,80.53,0.6826,0.0364,0.7872,0.8053,0.5374,0.6951,0,0.1978
51.36,3.9,64.81,87.69,0.5136,0.2042,0.6481,0.8769,0.3329,0.0842,0,0.0643
54.11,1.0,73.2,66.46,0.5411,0.5,0.732,0.6646,0.3961,0.0244,0,0.0617
56.7,1.0,97.2,82.34,0.567,0.5,0.972,0.8234,0.5511,0.0324,0,0.05
97.7,10.5,36.45,81.7,0.977,0.0873,0.3645,0.817,0.3561,0.1271,0,0.6344
57.32,2.3,96.57,72.42,0.5732,0.3051,0.9657,0.7242,0.5536,0.0733,0,0.0553
92.98,5.7,11.89,95.0,0.9298,0.1486,0.1189,0.95,0.1106,0.0227,1,0.4436
69.5,1.0,83.92,85.55,0.695,0.5,0.8392,0.8555,0.5833,0.028,0,0.05
77.76,4.8,36.8,63.62,0.7776,0.1721,0.368,0.6362,0.2862,0.059,0,0.05
98.71,1.1,52.98,71.42,0.9871,0.468,0.5298,0.7142,0.523,0.0201,1,0.05
100.0,30.6,13.09,90.72,1.0,0.0316,0.1309,0.9072,0.1309,0.1335,0,0.95
53.4,19.6,61.48,79.93,0.534,0.0485,0.6148,0.7993,0.3283,0.4016,0,0.3027
31.68,2.9,59.26,80.71,0.3168,0.255,0.5926,0.8071,0.1878,0.0577,0,0.05
84.54,15.3,53.84,50.58,0.8454,0.0612,0.5384,0.5058,0.4552,0.2752,0,0.4637
67.18,5.1,39.13,58.93,0.6718,0.1641,0.3913,0.5893,0.2629,0.0664,0,0.05
68.28,7.2,36.86,89.24,0.6828,0.122,0.3686,0.8924,0.2517,0.0885,0,0.05
97.81,1.5,31.42,70.69,0.9781,0.4073,0.3142,0.7069,0.3073,0.0152,0,0.0702
81.48,7.8,20.56,95.0,0.8148,0.1141,0.2056,0.95,0.1676,0.0532,0,0.2574
86.75,5.4,53.7,75.78,0.8675,0.1569,0.537,0.7578,0.4658,0.0962,1,0.4142
100.0,15.0,74.13,58.47,1.0,0.0625,0.7413,0.5847,0.7413,0.3704,1,0.92
80.21,13.2,88.38,54.13,0.8021,0.0702,0.8838,0.5413,0.7089,0.39,1,0.8027
100.0,1.4,30.19,94.67,1.0,0.4085,0.3019,0.9467,0.3019,0.0146,0,0.1579
83.68,14.7,75.41,78.33,0.8368,0.0639,0.7541,0.7833,0.631,0.3685,0,0.7003
66.01,1.0,63.48,78.5,0.6601,0.5,0.6348,0.785,0.419,0.0212,1,0.1878
51.24,1.2,12.75,86.6,0.5124,0.4525,0.1275,0.866,0.0653,0.0051,1,0.0937
86.02,13.4,55.66,95.0,0.8602,0.0693,0.5566,0.95,0.4788,0.2491,1,0.679
100.0,15.7,62.37,67.12,1.0,0.0599,0.6237,0.6712,0.6237,0.3264,1,0.95
49.92,18.7,75.39,83.49,0.4992,0.0506,0.7539,0.8349,0.3763,0.471,1,0.4936
69.44,1.3,41.4,95.0,0.6944,0.4333,0.414,0.95,0.2875,0.018,0,0.05
96.35,12.2,75.23,85.35,0.9635,0.0759,0.7523,0.8535,0.7248,0.3052,1,0.8874
65.33,10.0,69.54,67.07,0.6533,0.0906,0.6954,0.6707,0.4543,0.2327,0,0.1485
77.99,7.1,17.83,80.92,0.7799,0.1239,0.1783,0.8092,0.139,0.042,0,0.05
65.42,3.4,96.37,63.86,0.6542,0.2266,0.9637,0.6386,0.6304,0.1096,0,0.1743
73.67,1.0,57.56,77.1,0.7367,0.5,0.5756,0.771,0.424,0.0192,0,0.0975
90.61,17.2,38.09,95.0,0.9061,0.0551,0.3809,0.95,0.3452,0.2179,1,0.95
75.93,6.8,21.83,75.42,0.7593,0.1277,0.2183,0.7542,0.1658,0.0497,0,0.1352
66.35,4.3,76.14,64.01,0.6635,0.1877,0.7614,0.6401,0.5052,0.1099,0,0.0626
100.0,12.9,25.42,85.74,1.0,0.0718,0.2542,0.8574,0.2542,0.1095,1,0.674
89.95,16.6,60.68,59.57,0.8995,0.0568,0.6068,0.5957,0.5458,0.3355,1,0.6495
100.0,7.8,41.65,85.81,1.0,0.1137,0.4165,0.8581,0.4165,0.1083,0,0.4187
68.06,2.3,45.6,90.39,0.6806,0.3075,0.456,0.9039,0.3103,0.0342,0,0.0578
70.71,7.0,28.86,82.14,0.7071,0.1245,0.2886,0.8214,0.2041,0.0677,0,0.05
88.61,20.7,60.96,70.49,0.8861,0.0461,0.6096,0.7049,0.5402,0.4204,1,0.9199
90.08,4.7,24.4,54.53,0.9008,0.175,0.244,0.5453,0.2198,0.0383,0,0.1282
66.33,1.0,64.11,61.39,0.6633,0.5,0.6411,0.6139,0.4252,0.0214,0,0.1529
67.02,5.2,83.65,76.95,0.6702,0.1606,0.8365,0.7695,0.5607,0.1458,0,0.0961
66.13,1.2,43.62,95.0,0.6613,0.4609,0.4362,0.95,0.2885,0.017,0,0.3292
100.0,5.1,88.01,86.31,1.0,0.163,0.8801,0.8631,0.8801,0.1507,1,0.8737
76.18,2.1,19.33,64.08,0.7618,0.3233,0.1933,0.6408,0.1473,0.0135,1,0.126
67.68,1.1,77.08,47.09,0.6768,0.4754,0.7708,0.4709,0.5217,0.0284,0,0.05
62.72,9.8,61.21,86.38,0.6272,0.0922,0.6121,0.8638,0.384,0.2008,0,0.05
99.33,1.0,15.29,74.32,0.9933,0.5,0.1529,0.7432,0.1519,0.0051,0,0.05
82.93,11.7,47.87,68.29,0.8293,0.0787,0.4787,0.6829,0.397,0.1868,1,0.4188
92.4,16.3,24.07,47.67,0.924,0.0578,0.2407,0.4767,0.2224,0.1309,0,0.5441
72.5,6.2,25.6,76.46,0.725,0.1381,0.256,0.7646,0.1856,0.0533,0,0.05
89.75,1.0,14.11,65.38,0.8975,0.5,0.1411,0.6538,0.1267,0.0047,0,0.0561
62.34,6.3,99.08,83.04,0.6234,0.1363,0.9908,0.8304,0.6177,0.2093,0,0.4111
82.3,1.0,75.48,72.77,0.823,0.5,0.7548,0.7277,0.6212,0.0252,0,0.1089
57.72,10.1,12.09,69.72,0.5772,0.0904,0.1209,0.6972,0.0698,0.0405,0,0.05
60.46,4.1,70.12,91.68,0.6046,0.1974,0.7012,0.9168,0.4239,0.095,0,0.1816
80.18,11.9,30.57,95.0,0.8018,0.0773,0.3057,0.95,0.2451,0.1217,0,0.7154
57.12,6.9,29.4,73.32,0.5712,0.1273,0.294,0.7332,0.1679,0.0672,0,0.05
94.59,1.0,65.65,54.35,0.9459,0.5,0.6565,0.5435,0.621,0.0219,0,0.05
87.33,4.4,32.61,57.13,0.8733,0.1854,0.3261,0.5713,0.2848,0.0478,0,0.05
47.71,2.8,35.32,83.01,0.4771,0.2653,0.3532,0.8301,0.1685,0.0326,0,0.05
79.52,12.0,70.17,80.06,0.7952,0.0767,0.7017,0.8006,0.558,0.2814,0,0.7308
67.3,5.8,42.23,67.07,0.673,0.1463,0.4223,0.6707,0.2842,0.0822,0,0.1452
54.6,1.0,43.23,60.08,0.546,0.5,0.4323,0.6008,0.236,0.0144,0,0.1459
74.37,6.6,76.47,70.3,0.7437,0.1314,0.7647,0.703,0.5687,0.1685,0,0.1597
90.04,8.9,68.89,76.31,0.9004,0.1009,0.6889,0.7631,0.6203,0.2047,0,0.3961
96.53,8.2,46.44,64.76,0.9653,0.1085,0.4644,0.6476,0.4483,0.1272,0,0.2212
65.46,6.1,17.09,82.24,0.6546,0.1413,0.1709,0.8224,0.1119,0.0346,0,0.0608
48.97,7.1,41.51,68.37,0.4897,0.1235,0.4151,0.6837,0.2033,0.0982,0,0.05
73.9,4.8,76.31,78.53,0.739,0.1715,0.7631,0.7853,0.5639,0.1229,0,0.1872
82.13,2.4,60.76,74.95,0.8213,0.2923,0.6076,0.7495,0.499,0.049,0,0.1459
60.04,19.6,65.37,56.45,0.6004,0.0485,0.6537,0.5645,0.3925,0.4279,0,0.05
66.86,12.7,27.24,69.0,0.6686,0.0731,0.2724,0.69,0.1821,0.1151,0,0.1043
76.97,15.3,55.33,85.83,0.7697,0.0614,0.5533,0.8583,0.4259,0.2817,1,0.7532
58.87,1.0,49.59,67.12,0.5887,0.5,0.4959,0.6712,0.2919,0.0165,1,0.1495
77.07,1.1,82.02,83.44,0.7707,0.4704,0.8202,0.8344,0.6321,0.0308,0,0.0833
60.0,1.6,46.63,66.43,0.6,0.3863,0.4663,0.6643,0.2798,0.0247,0,0.1678
100.0,6.3,88.14,90.89,1.0,0.1379,0.8814,0.9089,0.8814,0.1837,1,0.7873
82.5,14.6,50.61,95.0,0.825,0.064,0.5061,0.95,0.4175,0.2468,0,0.852
64.17,26.6,86.3,71.62,0.6417,0.0362,0.863,0.7162,0.5538,0.7664,0,0.4419
84.4,9.8,52.34,84.72,0.844,0.0925,0.5234,0.8472,0.4417,0.1712,0,0.3275
91.95,6.2,59.87,58.18,0.9195,0.1395,0.5987,0.5818,0.5505,0.1231,0,0.2474
89.11,15.7,98.49,85.7,0.8911,0.0599,0.9849,0.857,0.8776,0.5149,1,0.9296
92.31,16.7,55.18,79.18,0.9231,0.0566,0.5518,0.7918,0.5094,0.3065,1,0.9114
95.23,7.0,61.02,74.31,0.9523,0.1249,0.6102,0.7431,0.5811,0.1425,1,0.6128
51.36,1.7,55.5,75.45,0.5136,0.3726,0.555,0.7545,0.285,0.0311,0,0.05
75.2,1.9,95.12,65.45,0.752,0.3426,0.9512,0.6545,0.7153,0.0608,1,0.2192
100.0,8.1,24.22,83.65,1.0,0.11,0.2422,0.8365,0.2422,0.0653,0,0.382
71.32,12.6,28.05,85.24,0.7132,0.0734,0.2805,0.8524,0.2001,0.118,0,0.1793
71.93,17.8,45.14,88.03,0.7193,0.0533,0.4514,0.8803,0.3247,0.2674,1,0.1158
89.63,1.0,38.94,74.07,0.8963,0.4951,0.3894,0.7407,0.349,0.0132,0,0.05
72.5,9.3,31.1,72.36,0.725,0.0972,0.311,0.7236,0.2255,0.0963,1,0.05
70.24,6.4,44.43,81.5,0.7024,0.1351,0.4443,0.815,0.312,0.0948,0,0.05
94.52,4.0,94.1,62.65,0.9452,0.1993,0.941,0.6265,0.8894,0.126,1,0.7075
73.12,13.5,68.25,83.7,0.7312,0.0688,0.6825,0.837,0.499,0.308,0,0.1896
100.0,6.8,73.25,73.93,1.0,0.1287,0.7325,0.7393,0.7325,0.1653,1,0.5311
99.28,30.1,35.13,55.14,0.9928,0.0322,0.3513,0.5514,0.3488,0.3523,1,0.4606
89.44,1.0,30.27,72.74,0.8944,0.5,0.3027,0.7274,0.2707,0.0101,0,0.066
59.9,4.7,40.49,60.91,0.599,0.1761,0.4049,0.6091,0.2425,0.0631,0,0.1755
90.3,21.7,60.74,70.57,0.903,0.044,0.6074,0.7057,0.5485,0.4398,1,0.926
69.66,24.3,42.06,89.05,0.6966,0.0395,0.4206,0.8905,0.293,0.3411,0,0.1799
91.14,22.4,75.34,68.98,0.9114,0.0427,0.7534,0.6898,0.6867,0.5628,1,0.95
100.0,1.0,30.3,48.38,1.0,0.5,0.303,0.4838,0.303,0.0101,0,0.2919
82.24,3.8,78.17,69.09,0.8224,0.208,0.7817,0.6909,0.6429,0.0992,0,0.2912
65.88,13.9,73.55,58.01,0.6588,0.0669,0.7355,0.5801,0.4845,0.342,0,0.2478
67.09,5.8,43.71,78.89,0.6709,0.1463,0.4371,0.7889,0.2933,0.085,1,0.05
100.0,9.5,19.73,68.29,1.0,0.0955,0.1973,0.6829,0.1973,0.0623,0,0.254
84.43,4.8,83.52,84.67,0.8443,0.1716,0.8352,0.8467,0.7051,0.1343,0,0.308
84.81,4.1,24.4,63.85,0.8481,0.1953,0.244,0.6385,0.2069,0.0335,0,0.05
66.3,1.9,76.7,77.66,0.663,0.3468,0.767,0.7766,0.5085,0.0482,1,0.0825
88.71,17.2,76.75,66.51,0.8871,0.0549,0.7675,0.6651,0.6809,0.4403,1,0.95
93.03,8.1,71.23,74.31,0.9303,0.1104,0.7123,0.7431,0.6627,0.1914,0,0.7278
88.56,7.3,32.64,73.64,0.8856,0.1201,0.3264,0.7364,0.289,0.0797,0,0.1444
58.38,2.6,45.41,89.82,0.5838,0.275,0.4541,0.8982,0.2651,0.0399,0,0.05
71.52,1.3,37.89,61.3,0.7152,0.4269,0.3789,0.613,0.271,0.017,0,0.056
69.48,1.0,17.92,61.76,0.6948,0.5,0.1792,0.6176,0.1245,0.006,0,0.05
100.0,4.7,21.53,72.57,1.0,0.175,0.2153,0.7257,0.2153,0.0338,0,0.0817
76.09,26.5,79.95,82.59,0.7609,0.0364,0.7995,0.8259,0.6084,0.706,1,0.5207
81.26,3.9,62.25,75.95,0.8126,0.205,0.6225,0.7595,0.5058,0.0805,0,0.1712
68.31,8.4,40.31,90.27,0.6831,0.1058,0.4031,0.9027,0.2754,0.1135,0,0.05
81.35,12.9,67.68,67.58,0.8135,0.0719,0.6768,0.6758,0.5506,0.2913,1,0.5705
92.95,6.4,25.39,80.1,0.9295,0.1348,0.2539,0.801,0.236,0.0543,0,0.2971
91.66,2.4,17.65,80.28,0.9166,0.2934,0.1765,0.8028,0.1618,0.0142,0,0.0979
89.91,1.0,34.91,75.05,0.8991,0.5,0.3491,0.7505,0.3138,0.0116,0,0.1654
97.44,28.5,13.82,61.11,0.9744,0.0339,0.1382,0.6111,0.1347,0.1315,0,0.4519
100.0,17.7,94.07,57.22,1.0,0.0534,0.9407,0.5722,0.9407,0.556,1,0.8611
77.6,1.6,54.03,80.02,0.776,0.392,0.5403,0.8002,0.4193,0.0279,0,0.05
73.63,18.7,60.98,77.09,0.7363,0.0508,0.6098,0.7709,0.449,0.3798,0,0.3379
65.8,2.7,41.08,78.37,0.658,0.2712,0.4108,0.7837,0.2703,0.0368,0,0.2333
90.92,2.1,49.47,57.22,0.9092,0.3208,0.4947,0.5722,0.4498,0.0349,0,0.1585
79.62,8.7,75.44,68.95,0.7962,0.1034,0.7544,0.6895,0.6007,0.2181,0,0.148
63.37,12.2,73.55,41.46,0.6337,0.0758,0.7355,0.4146,0.4661,0.2991,0,0.05
100.0,11.7,45.39,78.15,1.0,0.0788,0.4539,0.7815,0.4539,0.1768,0,0.5716
97.42,4.6,88.93,90.35,0.9742,0.1798,0.8893,0.9035,0.8664,0.1352,0,0.2258
84.46,6.8,87.84,83.19,0.8446,0.1282,0.8784,0.8319,0.7419,0.1992,1,0.5947
75.29,37.1,20.6,82.17,0.7529,0.0262,0.206,0.8217,0.1551,0.255,1,0.5706
81.19,6.8,68.1,82.35,0.8119,0.1287,0.681,0.8235,0.5529,0.1537,0,0.2441
